file_name,complexity,language
datasets/c/sorting/bead_sort.c,4,c
datasets/c/sorting/binary_insertion_sort.c,4,c
datasets/c/sorting/bubble_sort.c,4,c
datasets/c/sorting/bucket_sort.c,2,c
datasets/c/sorting/cocktail_sort.c,4,c
datasets/c/sorting/comb_sort.c,3,c
datasets/c/sorting/counting_sort.c,2,c
datasets/c/sorting/cycle_sort.c,4,c
datasets/c/sorting/heap_sort.c,3,c
datasets/c/sorting/insertion_sort.c,4,c
datasets/c/sorting/merge_sort.c,3,c
datasets/c/sorting/odd_even_sort.c,4,c
datasets/c/sorting/pancake_sort.c,4,c
datasets/c/sorting/partition_sort.c,3,c
datasets/c/sorting/pigeonhole_sort.c,2,c
datasets/c/sorting/quick_sort.c,3,c
datasets/c/sorting/random_quick_sort.c,3,c
datasets/c/sorting/selection_sort.c,4,c
datasets/c/searching/binary_search.c,1,c
datasets/c/searching/exponential_search.c,1,c
datasets/c/searching/fibonacci_search.c,1,c
datasets/c/searching/linear_search.c,2,c
datasets/c/searching/sentinel_linear_search.c,2,c
datasets/c/searching/ternary_search.c,1,c
datasets/c/greedy_approach/dijkstra.c,4,c
datasets/c/math/palindrome.c,1,c
datasets/c/math/factorial.c,2,c
datasets/c/math/fibonacci_fast.c,1,c
datasets/js/Sorts/AlphaNumericalSort.js,3,js
datasets/js/Sorts/BeadSort.js,4,js
datasets/js/Sorts/BinaryInsertionSort.js,1,js
datasets/js/Sorts/BubbleSort.js,4,js
datasets/js/Sorts/BucketSort.js,2,js
datasets/js/Sorts/CocktailShakerSort.js,4,js
datasets/js/Sorts/CombSort.js,4,js
datasets/js/Sorts/CountingSort.js,2,js
datasets/js/Sorts/CycleSort.js,4,js
datasets/js/Sorts/DutchNationalFlagSort.js,2,js
datasets/js/Sorts/FindSecondLargestElement.js,2,js
datasets/js/Sorts/FisherYatesShuffle.js,2,js
datasets/js/Sorts/FlashSort.js,2,js
datasets/js/Sorts/GnomeSort.js,4,js
datasets/js/Sorts/HeapSort.js,3,js
datasets/js/Sorts/InsertionSort.js,4,js
datasets/js/Sorts/IntroSort.js,3,js
datasets/js/Sorts/MergeSort.js,3,js
datasets/js/Sorts/OddEvenSort.js,4,js
datasets/js/Sorts/PancakeSort.js,4,js
datasets/js/Sorts/QuickSort.js,3,js
datasets/js/Sorts/QuickSortRecursive.js,3,js
datasets/js/Sorts/RadixSort.js,2,js
datasets/js/Sorts/SelectionSort.js,2,js
datasets/js/Sorts/ShellSort.js,4,js
datasets/js/Sorts/SimplifiedWiggleSort.js,2,js
datasets/js/Sorts/StoogeSort.js,4,js
datasets/js/Sorts/SwapSort.js,3,js
datasets/js/Sorts/TimSort.js,3,js
datasets/js/Sorts/TopologicalSort.js,3,js
datasets/js/Trees/BreadthFirstTreeTraversal.js,2,js
datasets/js/Trees/DepthFirstSearch.js,2,js
datasets/js/Trees/FenwickTree.js,1,js
datasets/js/Search/BinarySearch.js,1,js
datasets/js/Search/ExponentialSearch.js,1,js
datasets/js/Search/FibonacciSearch.js,1,js
datasets/js/Search/InterpolationSearch.js,1,js
datasets/js/Search/LinearSearch.js,2,js
datasets/js/Search/QuickSelectSearch.js,2,js
datasets/js/Search/SlidingWindow.js,2,js
datasets/js/Search/StringSearch.js,2,js
datasets/js/Search/UnionFind.js,0,js
datasets/js/Recursive/BinaryEquivalent.js,1,js
datasets/js/Recursive/BinarySearch.js,1,js
datasets/js/Recursive/Factorial.js,2,js
datasets/js/Recursive/FloodFill.js,2,js
datasets/js/Recursive/Palindrome.js,4,js
datasets/js/Graphs/BellmanFord.js,2,js
datasets/js/Graphs/BinaryLifting.js,3,js
datasets/js/Graphs/BreadthFirstSearch.js,2,js
datasets/py/greedy_methods/fractional_knapsack.py,3,py
datasets/py/greedy_methods/fractional_knapsack_2.py,2,py
datasets/py/greedy_methods/gas_station.py,2,py
datasets/py/greedy_methods/fractional_cover_problem.py,3,py
datasets/py/greedy_methods/best_time_to_buy_and_sell_stock.py,2,py
datasets/py/greedy_methods/minimum_coin_change.py,2,py
datasets/py/greedy_methods/minimum_waiting_time.py,3,py
datasets/py/greedy_methods/optimal_merge_pattern.py,4,py
datasets/py/sorts/bead_sort.py,4,py
datasets/py/sorts/binary_insertion_sort.py,4,py
datasets/py/sorts/bitonic_sort.py,3,py
datasets/py/sorts/bogo_sort.py,0,py
datasets/py/sorts/bubble_sort.py,4,py
datasets/py/sorts/bucket_sort.py,4,py
datasets/py/sorts/circle_sort.py,4,py
datasets/py/sorts/cocktail_shaker_sort.py,4,py
datasets/py/sorts/comb_sort.py,4,py
datasets/py/sorts/counting_sort.py,2,py
datasets/py/sorts/cycle_sort.py,4,py
datasets/py/sorts/double_sort.py,4,py
datasets/py/sorts/dutch_national_flag_sort.py,2,py
datasets/py/sorts/exchange_sort.py,4,py
datasets/py/sorts/external_sort.py,3,py
datasets/py/sorts/gnome_sort.py,4,py
datasets/py/sorts/heap_sort.py,3,py
datasets/py/sorts/insertion_sort.py,4,py
datasets/py/sorts/intro_sort.py,3,py
datasets/py/sorts/iterative_merge_sort.py,3,py
datasets/py/sorts/merge_insertion_sort.py,3,py
datasets/py/sorts/merge_sort.py,3,py
datasets/py/sorts/msd_radix_sort.py,3,py
datasets/py/sorts/natural_sort.py,3,py
datasets/py/sorts/odd_even_sort.py,4,py
datasets/py/sorts/odd_even_transposition_parallel.py,4,py
datasets/py/sorts/odd_even_transposition_single_threaded.py,4,py
datasets/py/sorts/pancake_sort.py,4,py
datasets/py/sorts/patience_sort.py,3,py
datasets/py/sorts/pigeon_sort.py,2,py
datasets/py/sorts/pigeonhole_sort.py,2,py
datasets/py/sorts/quick_sort.py,3,py
datasets/py/sorts/quick_sort_3_partition.py,3,py
datasets/py/sorts/radix_sort.py,2,py
datasets/py/sorts/recursive_insertion_sort.py,4,py
datasets/py/sorts/recursive_mergesort_array.py,3,py
datasets/py/sorts/recursive_quick_sort.py,3,py
datasets/py/sorts/selection_sort.py,4,py
datasets/py/sorts/shell_sort.py,3,py
datasets/py/sorts/shrink_shell_sort.py,4,py
datasets/py/sorts/stooge_sort.py,4,py
datasets/py/searches/binary_search.py,1,py
datasets/py/searches/binary_tree_traversal.py,2,py
datasets/py/searches/double_linear_search.py,2,py
datasets/py/searches/double_linear_search_recursion.py,2,py
datasets/py/searches/fibonacci_search.py,1,py
datasets/py/searches/hill_climbing.py,2,py
datasets/py/searches/interpolation_search.py,1,py
datasets/py/searches/jump_search.py,1,py
datasets/py/searches/linear_search.py,2,py
datasets/py/searches/median_of_medians.py,2,py
datasets/py/searches/quick_select.py,2,py
datasets/py/searches/sentinel_linear_search.py,2,py
datasets/py/searches/simple_binary_search.py,1,py
datasets/py/searches/tabu_search.py,2,py
datasets/py/searches/ternary_search.py,1,py
datasets/py/graphs/articulation_points.py,2,py
datasets/py/graphs/basic_graphs.py,2,py
datasets/py/graphs/bellman_ford.py,2,py
datasets/py/graphs/bi_directional_dijkstra.py,2,py
datasets/py/graphs/boruvka.py,3,py
datasets/py/graphs/breadth_first_search.py,2,py
datasets/py/graphs/breadth_first_search_shortest_path.py,2,py
datasets/py/graphs/breadth_first_search_shortest_path_2.py,2,py
datasets/py/graphs/breadth_first_search_zero_one_shortest_path.py,2,py
datasets/py/graphs/check_bipatrite.py,2,py
datasets/py/graphs/check_cycle.py,4,py
datasets/py/graphs/depth_first_search.py,2,py
datasets/py/graphs/depth_first_search_2.py,2,py
datasets/py/graphs/dijkstra.py,3,py
datasets/py/graphs/dijkstra_algorithm.py,4,py
datasets/py/graphs/directed_and_undirected_(weighted)_graph.py,2,py
datasets/py/graphs/edmonds_karp_multiple_source_and_sink.py,4,py
datasets/py/graphs/even_tree.py,0,py
datasets/py/graphs/finding_bridges.py,2,py
datasets/py/graphs/g_topological_sort.py,2,py
datasets/py/graphs/graph_adjacency_list.py,0,py
datasets/py/graphs/graph_list.py,2,py
datasets/py/graphs/graphs_floyd_warshall.py,4,py
datasets/py/graphs/greedy_best_first.py,2,py
datasets/py/graphs/greedy_min_vertex_cover.py,3,py
datasets/py/graphs/kahns_algorithm_long.py,2,py
datasets/py/graphs/kahns_algorithm_topo.py,2,py
datasets/py/graphs/karger.py,3,py
datasets/py/graphs/multi_heuristic_astar.py,4,py
datasets/py/graphs/prim.py,4,py
datasets/py/hashes/adler32.py,2,py
datasets/py/hashes/hamming_code.py,2,py
datasets/py/knapsack/greedy_knapsack.py,4,py
datasets/py/knapsack/knapsack.py,4,py
datasets/py/scheduling/first_come_first_served.py,2,py
datasets/py/scheduling/round_robin.py,2,py
datasets/py/scheduling/shortest_job_first.py,2,py
datasets/py/divide_and_conquer/closest_pair_of_points.py,3,py
datasets/py/divide_and_conquer/convex_hull.py,3,py
datasets/py/divide_and_conquer/heaps_algorithm.py,4,py
datasets/py/data_structures/arrays/equilibrium_index_in_array.py,2,py
datasets/py/data_structures/arrays/find_triplets_with_0_sum.py,4,py
datasets/py/data_structures/arrays/permutations.py,4,py
datasets/py/data_structures/binary_tree/basic_binary_tree.py,2,py
datasets/py/data_structures/binary_tree/binary_search_tree.py,2,py
datasets/py/data_structures/binary_tree/red_black_tree.py,1,py
datasets/py/data_structures/binary_tree/segment_tree.py,2,py
datasets/py/data_structures/disjoint_set/alternate_disjoint_set.py,0,py
datasets/py/data_structures/hashing/hash_map.py,2,py
datasets/py/data_structures/hashing/hash_table.py,2,py
datasets/py/data_structures/hashing/hash_table_with_linked_list.py,2,py
datasets/py/data_structures/heap/heap.py,3,py
datasets/py/data_structures/heap/heap_generic.py,1,py
datasets/py/data_structures/heap/max_heap.py,1,py
datasets/py/data_structures/heap/min_heap.py,1,py
datasets/py/data_structures/heap/randomized_heap.py,3,py
datasets/py/data_structures/linked_list/circular_linked_list.py,2,py
datasets/py/data_structures/linked_list/deque_doubly.py,0,py
datasets/py/data_structures/linked_list/doubly_linked_list.py,2,py
datasets/py/data_structures/linked_list/merge_two_lists.py,2,py
datasets/py/backtracking/all_combinations.py,4,py
datasets/py/backtracking/generate_parentheses.py,4,py
datasets/py/dynamic_programming/abbreviation.py,4,py
datasets/py/dynamic_programming/all_construct.py,4,py
datasets/py/dynamic_programming/edit_distance.py,2,py
datasets/py/dynamic_programming/factorial.py,2,py
datasets/py/dynamic_programming/fast_fibonacci.py,1,py
datasets/py/dynamic_programming/fibonacci.py,2,py
datasets/py/dynamic_programming/largest_divisible_subset.py,4,py
datasets/py/dynamic_programming/minimum_partition.py,4,py
datasets/c/sorting/bead_sort.c,4,c
datasets/c/sorting/binary_insertion_sort.c,4,c
datasets/c/sorting/bubble_sort.c,4,c
datasets/c/sorting/bucket_sort.c,2,c
datasets/c/sorting/cocktail_sort.c,4,c
datasets/c/sorting/comb_sort.c,3,c
datasets/c/sorting/counting_sort.c,2,c
datasets/c/sorting/cycle_sort.c,4,c
datasets/c/sorting/heap_sort.c,3,c
datasets/c/sorting/insertion_sort.c,4,c
datasets/c/sorting/merge_sort.c,3,c
datasets/c/sorting/odd_even_sort.c,4,c
datasets/c/sorting/pancake_sort.c,4,c
datasets/c/sorting/partition_sort.c,3,c
datasets/c/sorting/pigeonhole_sort.c,2,c
datasets/c/sorting/quick_sort.c,3,c
datasets/c/sorting/random_quick_sort.c,3,c
datasets/c/sorting/selection_sort.c,4,c
datasets/c/searching/binary_search.c,1,c
datasets/c/searching/exponential_search.c,1,c
datasets/c/searching/fibonacci_search.c,1,c
datasets/c/searching/linear_search.c,2,c
datasets/c/searching/sentinel_linear_search.c,2,c
datasets/c/searching/ternary_search.c,1,c
datasets/c/greedy_approach/dijkstra.c,4,c
datasets/c/math/palindrome.c,1,c
datasets/c/math/factorial.c,2,c
datasets/c/math/fibonacci_fast.c,1,c
datasets/cpp/backtracking/n_queens.cpp,0,cpp
datasets/cpp/backtracking/n_queens_all_solution_optimised.cpp,0,cpp
datasets/cpp/backtracking/nqueen_print_all_solutions.cpp,0,cpp
datasets/cpp/backtracking/subarray_sum.cpp,2,cpp
datasets/cpp/backtracking/wildcard_matching.cpp,4,cpp
datasets/cpp/bit_manipulation/count_bits_flip.cpp,1,cpp
datasets/cpp/bit_manipulation/count_of_set_bits.cpp,1,cpp
datasets/cpp/bit_manipulation/count_of_trailing_ciphers_in_factorial_n.cpp,1,cpp
datasets/cpp/bit_manipulation/find_non_repeating_number.cpp,2,cpp
datasets/cpp/bit_manipulation/hamming_distance.cpp,2,cpp
datasets/cpp/bit_manipulation/next_higher_number_with_same_number_of_set_bits.cpp,0,cpp
datasets/cpp/bit_manipulation/power_of_2.cpp,0,cpp
datasets/cpp/bit_manipulation/set_kth_bit.cpp,0,cpp
datasets/cpp/ciphers/a1z26_cipher.cpp,2,cpp
datasets/cpp/ciphers/atbash_cipher.cpp,2,cpp
datasets/cpp/ciphers/base64_encoding.cpp,2,cpp
datasets/cpp/ciphers/caesar_cipher.cpp,2,cpp
datasets/cpp/ciphers/elliptic_curve_key_exchange.cpp,2,cpp
datasets/cpp/ciphers/morse_code.cpp,2,cpp
datasets/cpp/ciphers/vigenere_cipher.cpp,2,cpp
datasets/cpp/ciphers/xor_cipher.cpp,2,cpp
datasets/cpp/cpu_scheduling_algorithms/fcfs_scheduling.cpp,2,cpp
datasets/cpp/data_structures/cll/cll.cpp,2,cpp
datasets/cpp/data_structures/avltree.cpp,2,cpp
datasets/cpp/data_structures/binary_search_tree.cpp,2,cpp
datasets/cpp/data_structures/binary_search_tree2.cpp,2,cpp
datasets/cpp/data_structures/binaryheap.cpp,1,cpp
datasets/cpp/data_structures/bloom_filter.cpp,0,cpp
datasets/cpp/data_structures/circular_queue_using_linked_list.cpp,2,cpp
datasets/cpp/data_structures/disjoint_set.cpp,1,cpp
datasets/cpp/data_structures/doubly_linked_list.cpp,2,cpp
datasets/cpp/data_structures/dsu_path_compression.cpp,0,cpp
datasets/cpp/data_structures/dsu_union_rank.cpp,1,cpp
datasets/cpp/data_structures/linked_list.cpp,0,cpp
datasets/cpp/data_structures/linkedlist_implentation_usingarray.cpp,0,cpp
datasets/cpp/data_structures/morrisinorder.cpp,2,cpp
datasets/cpp/data_structures/queue_using_array.cpp,0,cpp
datasets/cpp/data_structures/queue_using_array2.cpp,2,cpp
datasets/cpp/data_structures/queue_using_linked_list.cpp,0,cpp
datasets/cpp/data_structures/queue_using_linkedlist.cpp,0,cpp
datasets/cpp/data_structures/rb_tree.cpp,1,cpp
datasets/cpp/data_structures/reverse_a_linked_list.cpp,2,cpp
datasets/cpp/data_structures/segment_tree.cpp,1,cpp
datasets/cpp/data_structures/skip_list.cpp,1,cpp
datasets/cpp/data_structures/sparse_table.cpp,0,cpp
datasets/cpp/data_structures/stack_using_array.cpp,0,cpp
datasets/cpp/data_structures/stack_using_linked_list.cpp,0,cpp
datasets/cpp/data_structures/stack_using_queue.cpp,2,cpp
datasets/cpp/data_structures/test_queue.cpp,2,cpp
datasets/cpp/data_structures/test_stack.cpp,2,cpp
datasets/cpp/data_structures/test_stack_students.cpp,2,cpp
datasets/cpp/data_structures/treap.cpp,1,cpp
datasets/cpp/data_structures/tree.cpp,2,cpp
datasets/cpp/data_structures/tree_234.cpp,1,cpp
datasets/cpp/data_structures/trie_modern.cpp,2,cpp
datasets/cpp/data_structures/trie_using_hashmap.cpp,2,cpp
datasets/cpp/dynamic_programming/0_1_knapsack.cpp,2,cpp
datasets/cpp/dynamic_programming/abbreviation.cpp,4,cpp
datasets/cpp/dynamic_programming/armstrong_number.cpp,2,cpp
datasets/cpp/dynamic_programming/bellman_ford.cpp,4,cpp
datasets/cpp/dynamic_programming/catalan_numbers.cpp,4,cpp
datasets/cpp/dynamic_programming/coin_change.cpp,2,cpp
datasets/cpp/dynamic_programming/cut_rod.cpp,4,cpp
datasets/cpp/dynamic_programming/edit_distance.cpp,2,cpp
datasets/cpp/dynamic_programming/egg_dropping_puzzle.cpp,4,cpp
datasets/cpp/dynamic_programming/fibonacci_bottom_up.cpp,2,cpp
datasets/cpp/dynamic_programming/floyd_warshall.cpp,4,cpp
datasets/cpp/dynamic_programming/house_robber.cpp,2,cpp
datasets/cpp/dynamic_programming/kadane.cpp,2,cpp
datasets/cpp/dynamic_programming/kadane2.cpp,2,cpp
datasets/cpp/dynamic_programming/longest_common_string.cpp,4,cpp
datasets/cpp/dynamic_programming/longest_common_subsequence.cpp,4,cpp
datasets/cpp/dynamic_programming/longest_increasing_subsequence.cpp,4,cpp
datasets/cpp/dynamic_programming/longest_increasing_subsequence_(nlogn).cpp,3,cpp
datasets/cpp/dynamic_programming/longest_palindromic_subsequence.cpp,4,cpp
datasets/cpp/dynamic_programming/maximum_circular_subarray.cpp,2,cpp
datasets/cpp/dynamic_programming/minimum_edit_distance.cpp,4,cpp
datasets/cpp/dynamic_programming/palindrome_partitioning.cpp,4,cpp
datasets/cpp/dynamic_programming/partition_problem.cpp,4,cpp
datasets/cpp/dynamic_programming/searching_of_element_in_dynamic_array.cpp,2,cpp
datasets/cpp/dynamic_programming/shortest_common_supersequence.cpp,4,cpp
datasets/cpp/dynamic_programming/subset_sum.cpp,4,cpp
datasets/cpp/dynamic_programming/tree_height.cpp,2,cpp
datasets/cpp/games/memory_game.cpp,2,cpp
datasets/cpp/geometry/graham_scan_algorithm.cpp,3,cpp
datasets/cpp/geometry/jarvis_algorithm.cpp,4,cpp
datasets/cpp/geometry/line_segment_intersection.cpp,0,cpp
datasets/cpp/graph/bidirectional_dijkstra.cpp,2,cpp
datasets/cpp/graph/breadth_first_search.cpp,2,cpp
datasets/cpp/graph/bridge_finding_with_tarjan_algorithm.cpp,2,cpp
datasets/cpp/graph/connected_components.cpp,2,cpp
datasets/cpp/graph/connected_components_with_dsu.cpp,2,cpp
datasets/cpp/graph/cycle_check_directed_graph.cpp,2,cpp
datasets/cpp/graph/depth_first_search.cpp,2,cpp
datasets/cpp/graph/depth_first_search_with_stack.cpp,2,cpp
datasets/cpp/graph/dijkstra.cpp,4,cpp
datasets/cpp/graph/is_graph_bipartite.cpp,2,cpp
datasets/cpp/graph/is_graph_bipartite2.cpp,2,cpp
datasets/cpp/graph/kosaraju.cpp,2,cpp
datasets/cpp/graph/kruskal.cpp,3,cpp
datasets/cpp/graph/lowest_common_ancestor.cpp,1,cpp
datasets/cpp/graph/prim.cpp,3,cpp
datasets/cpp/graph/topological_sort.cpp,2,cpp
datasets/cpp/graph/topological_sort_by_kahns_algo.cpp,2,cpp
datasets/cpp/graphics/spirograph.cpp,2,cpp
datasets/cpp/greedy_algorithms/boruvkas_minimum_spanning_tree.cpp,4,cpp
datasets/cpp/greedy_algorithms/dijkstra.cpp,4,cpp
datasets/cpp/greedy_algorithms/huffman.cpp,3,cpp
datasets/cpp/greedy_algorithms/jumpgame.cpp,2,cpp
datasets/cpp/greedy_algorithms/knapsack.cpp,3,cpp
datasets/cpp/greedy_algorithms/kruskals_minimum_spanning_tree.cpp,2,cpp
datasets/cpp/greedy_algorithms/prims_minimum_spanning_tree.cpp,4,cpp
datasets/cpp/hashing/chaining.cpp,2,cpp
datasets/cpp/hashing/double_hash_hash_table.cpp,2,cpp
datasets/cpp/hashing/linear_probing_hash_table.cpp,2,cpp
datasets/cpp/hashing/md5.cpp,2,cpp
datasets/cpp/hashing/quadratic_probing_hash_table.cpp,2,cpp
datasets/cpp/hashing/sha1.cpp,2,cpp
datasets/cpp/hashing/sha256.cpp,2,cpp
datasets/cpp/machine_learning/adaline_learning.cpp,4,cpp
datasets/cpp/machine_learning/k_nearest_neighbors.cpp,3,cpp
datasets/cpp/machine_learning/kohonen_som_trace.cpp,0,cpp
datasets/cpp/math/aliquot_sum.cpp,2,cpp
datasets/cpp/math/approximate_pi.cpp,2,cpp
datasets/cpp/math/area.cpp,0,cpp
datasets/cpp/math/armstrong_number.cpp,1,cpp
datasets/cpp/math/binary_exponent.cpp,1,cpp
datasets/cpp/math/binomial_calculate.cpp,2,cpp
datasets/cpp/math/check_amicable_pair.cpp,1,cpp
datasets/cpp/math/check_factorial.cpp,1,cpp
datasets/cpp/math/check_prime.cpp,1,cpp
datasets/cpp/math/complex_numbers.cpp,0,cpp
datasets/cpp/math/double_factorial.cpp,2,cpp
datasets/cpp/math/eratosthenes.cpp,3,cpp
datasets/cpp/math/extended_euclid_algorithm.cpp,1,cpp
datasets/cpp/math/factorial.cpp,2,cpp
datasets/cpp/math/fast_power.cpp,1,cpp
datasets/cpp/math/fibonacci_fast.cpp,2,cpp
datasets/cpp/math/fibonacci_large.cpp,2,cpp
datasets/cpp/math/fibonacci_matrix_exponentiation.cpp,1,cpp
datasets/cpp/math/fibonacci_sum.cpp,1,cpp
datasets/cpp/math/finding_number_of_digits_in_a_number.cpp,0,cpp
datasets/cpp/math/gcd_iterative_euclidean.cpp,1,cpp
datasets/cpp/math/gcd_of_n_numbers.cpp,3,cpp
datasets/cpp/math/gcd_recursive_euclidean.cpp,1,cpp
datasets/cpp/math/integral_approximation2.cpp,2,cpp
datasets/cpp/math/inv_sqrt.cpp,0,cpp
datasets/cpp/math/iterative_factorial.cpp,2,cpp
datasets/cpp/math/large_factorial.cpp,2,cpp
datasets/cpp/math/largest_power.cpp,1,cpp
datasets/cpp/math/lcm_sum.cpp,3,cpp
datasets/cpp/math/least_common_multiple.cpp,1,cpp
datasets/cpp/math/magic_number.cpp,0,cpp
datasets/cpp/math/miller_rabin.cpp,3,cpp
datasets/cpp/math/modular_division.cpp,1,cpp
datasets/cpp/math/modular_exponentiation.cpp,1,cpp
datasets/cpp/math/modular_inverse_fermat_little_theorem.cpp,1,cpp
datasets/cpp/math/modular_inverse_simple.cpp,2,cpp
datasets/cpp/math/n_bonacci.cpp,2,cpp
datasets/cpp/math/n_choose_r.cpp,2,cpp
datasets/cpp/math/ncr_modulo_p.cpp,1,cpp
datasets/cpp/math/perimeter.cpp,0,cpp
datasets/cpp/math/power_for_huge_numbers.cpp,2,cpp
datasets/cpp/math/power_of_two.cpp,0,cpp
datasets/cpp/math/prime_factorization.cpp,3,cpp
datasets/cpp/math/prime_numbers.cpp,3,cpp
datasets/cpp/math/primes_up_to_billion.cpp,3,cpp
datasets/cpp/math/quadratic_equations_complex_numbers.cpp,0,cpp
datasets/cpp/math/realtime_stats.cpp,0,cpp
datasets/cpp/math/sieve_of_eratosthenes.cpp,3,cpp
datasets/cpp/math/sqrt_double.cpp,1,cpp
datasets/cpp/math/string_fibonacci.cpp,2,cpp
datasets/cpp/math/sum_of_binomial_coefficient.cpp,0,cpp
datasets/cpp/math/sum_of_digits.cpp,1,cpp
datasets/cpp/math/vector_cross_product.cpp,0,cpp
datasets/cpp/math/volume.cpp,0,cpp
datasets/cpp/numerical_methods/babylonian_method.cpp,0,cpp
datasets/cpp/numerical_methods/bisection_method.cpp,1,cpp
datasets/cpp/numerical_methods/composite_simpson_rule.cpp,2,cpp
datasets/cpp/numerical_methods/durand_kerner_roots.cpp,2,cpp
datasets/cpp/numerical_methods/false_position.cpp,2,cpp
datasets/cpp/numerical_methods/fast_fourier_transform.cpp,3,cpp
datasets/cpp/numerical_methods/golden_search_extrema.cpp,1,cpp
datasets/cpp/numerical_methods/inverse_fast_fourier_transform.cpp,3,cpp
datasets/cpp/numerical_methods/midpoint_integral_method.cpp,2,cpp
datasets/cpp/numerical_methods/newton_raphson_method.cpp,4,cpp
datasets/cpp/numerical_methods/ode_forward_euler.cpp,2,cpp
datasets/cpp/numerical_methods/ode_midpoint_euler.cpp,2,cpp
datasets/cpp/numerical_methods/ode_semi_implicit_euler.cpp,2,cpp
datasets/cpp/numerical_methods/rungekutta.cpp,2,cpp
datasets/cpp/numerical_methods/successive_approximation.cpp,2,cpp
datasets/cpp/operations_on_datastructures/array_left_rotation.cpp,2,cpp
datasets/cpp/operations_on_datastructures/array_right_rotation.cpp,2,cpp
datasets/cpp/operations_on_datastructures/circular_linked_list.cpp,2,cpp
datasets/cpp/operations_on_datastructures/circular_queue_using_array.cpp,2,cpp
datasets/cpp/operations_on_datastructures/get_size_of_linked_list.cpp,2,cpp
datasets/cpp/operations_on_datastructures/inorder_successor_of_bst.cpp,1,cpp
datasets/cpp/operations_on_datastructures/intersection_of_two_arrays.cpp,2,cpp
datasets/cpp/operations_on_datastructures/reverse_a_linked_list_using_recusion.cpp,2,cpp
datasets/cpp/operations_on_datastructures/reverse_binary_tree.cpp,2,cpp
datasets/cpp/operations_on_datastructures/selectionsortlinkedlist.cpp,4,cpp
datasets/cpp/operations_on_datastructures/trie_multiple_search.cpp,1,cpp
datasets/cpp/operations_on_datastructures/union_of_two_arrays.cpp,2,cpp
datasets/cpp/others/buzz_number.cpp,0,cpp
datasets/cpp/others/decimal_to_binary.cpp,1,cpp
datasets/cpp/others/decimal_to_hexadecimal.cpp,1,cpp
datasets/cpp/others/decimal_to_roman_numeral.cpp,0,cpp
datasets/cpp/others/easter.cpp,0,cpp
datasets/cpp/others/fast_integer_input.cpp,2,cpp
datasets/cpp/others/happy_number.cpp,1,cpp
datasets/cpp/others/iterative_tree_traversals.cpp,2,cpp
datasets/cpp/others/kadanes3.cpp,2,cpp
datasets/cpp/others/kelvin_to_celsius.cpp,0,cpp
datasets/cpp/others/lru_cache.cpp,0,cpp
datasets/cpp/others/matrix_exponentiation.cpp,1,cpp
datasets/cpp/others/palindrome_of_number.cpp,2,cpp
datasets/cpp/others/paranthesis_matching.cpp,2,cpp
datasets/cpp/others/pascal_triangle.cpp,4,cpp
datasets/cpp/others/postfix_evaluation.cpp,2,cpp
datasets/cpp/others/recursive_tree_traversal.cpp,2,cpp
datasets/cpp/others/smallest_circle.cpp,4,cpp
datasets/cpp/others/sparse_matrix.cpp,2,cpp
datasets/cpp/others/spiral_print.cpp,4,cpp
datasets/cpp/others/stairs_pattern.cpp,2,cpp
datasets/cpp/others/vector_important_functions.cpp,3,cpp
datasets/cpp/physics/ground_to_ground_projectile_motion.cpp,0,cpp
datasets/cpp/probability/addition_rule.cpp,0,cpp
datasets/cpp/probability/bayes_theorem.cpp,0,cpp
datasets/cpp/probability/binomial_dist.cpp,0,cpp
datasets/cpp/probability/geometric_dist.cpp,0,cpp
datasets/cpp/probability/poisson_dist.cpp,0,cpp
datasets/cpp/probability/windowed_median.cpp,1,cpp
datasets/cpp/range_queries/fenwick_tree.cpp,1,cpp
datasets/cpp/range_queries/persistent_seg_tree_lazy_prop.cpp,1,cpp
datasets/cpp/range_queries/prefix_sum_array.cpp,0,cpp
datasets/cpp/range_queries/segtree.cpp,1,cpp
datasets/cpp/range_queries/sparse_table.cpp,1,cpp
datasets/cpp/search/binary_search.cpp,1,cpp
datasets/cpp/search/exponential_search.cpp,1,cpp
datasets/cpp/search/fibonacci_search.cpp,1,cpp
datasets/cpp/search/floyd_cycle_detection_algo.cpp,2,cpp
datasets/cpp/search/hash_search.cpp,2,cpp
datasets/cpp/search/interpolation_search.cpp,2,cpp
datasets/cpp/search/interpolation_search2.cpp,1,cpp
datasets/cpp/search/linear_search.cpp,2,cpp
datasets/cpp/search/median_search.cpp,2,cpp
datasets/cpp/search/median_search2.cpp,2,cpp
datasets/cpp/search/saddleback_search.cpp,2,cpp
datasets/cpp/search/sublist_search.cpp,4,cpp
datasets/cpp/search/ternary_search.cpp,1,cpp
datasets/cpp/search/text_search.cpp,2,cpp
datasets/cpp/sorting/bead_sort.cpp,4,cpp
datasets/cpp/sorting/binary_insertion_sort.cpp,3,cpp
datasets/cpp/sorting/bitonic_sort.cpp,1,cpp
datasets/cpp/sorting/bubble_sort.cpp,4,cpp
datasets/cpp/sorting/bucket_sort.cpp,4,cpp
datasets/cpp/sorting/cocktail_selection_sort.cpp,4,cpp
datasets/cpp/sorting/comb_sort.cpp,4,cpp
datasets/cpp/sorting/count_inversions.cpp,3,cpp
datasets/cpp/sorting/counting_sort.cpp,2,cpp
datasets/cpp/sorting/counting_sort_string.cpp,2,cpp
datasets/cpp/sorting/cycle_sort.cpp,4,cpp
datasets/cpp/sorting/dnf_sort.cpp,2,cpp
datasets/cpp/sorting/gnome_sort.cpp,4,cpp
datasets/cpp/sorting/heap_sort.cpp,3,cpp
datasets/cpp/sorting/insertion_sort.cpp,4,cpp
datasets/cpp/sorting/library_sort.cpp,3,cpp
datasets/cpp/sorting/merge_insertion_sort.cpp,3,cpp
datasets/cpp/sorting/merge_sort.cpp,3,cpp
datasets/cpp/sorting/non_recursive_merge_sort.cpp,3,cpp
datasets/cpp/sorting/numeric_string_sort.cpp,3,cpp
datasets/cpp/sorting/odd_even_sort.cpp,4,cpp
datasets/cpp/sorting/pancake_sort.cpp,4,cpp
datasets/cpp/sorting/pigeonhole_sort.cpp,2,cpp
datasets/cpp/sorting/quick_sort.cpp,3,cpp
datasets/cpp/sorting/quick_sort_3.cpp,3,cpp
datasets/cpp/sorting/radix_sort.cpp,4,cpp
datasets/cpp/sorting/radix_sort2.cpp,4,cpp
datasets/cpp/sorting/random_pivot_quick_sort.cpp,3,cpp
datasets/cpp/sorting/recursive_bubble_sort.cpp,4,cpp
datasets/cpp/sorting/selection_sort_iterative.cpp,4,cpp
datasets/cpp/sorting/selection_sort_recursive.cpp,4,cpp
datasets/cpp/sorting/shell_sort.cpp,4,cpp
datasets/cpp/sorting/stooge_sort.cpp,4,cpp
datasets/cpp/sorting/strand_sort.cpp,4,cpp
datasets/cpp/sorting/swap_sort.cpp,4,cpp
datasets/cpp/sorting/tim_sort.cpp,3,cpp
datasets/cpp/sorting/wave_sort.cpp,3,cpp
datasets/cpp/sorting/wiggle_sort.cpp,3,cpp
datasets/cpp/strings/boyer_moore.cpp,2,cpp
datasets/cpp/strings/brute_force_string_searching.cpp,4,cpp
datasets/cpp/strings/horspool.cpp,4,cpp
datasets/cpp/strings/knuth_morris_pratt.cpp,2,cpp
datasets/cpp/strings/manacher_algorithm.cpp,2,cpp
datasets/cpp/strings/rabin_karp.cpp,2,cpp
datasets/cpp/strings/z_function.cpp,2,cpp
datasets/java/1001.java,0,java
datasets/java/1100.java,0,java
datasets/java/1101.java,0,java
datasets/java/1102.java,0,java
datasets/java/1103.java,0,java
datasets/java/1104.java,0,java
datasets/java/1105.java,0,java
datasets/java/1106.java,0,java
datasets/java/1107.java,0,java
datasets/java/1108.java,0,java
datasets/java/1109.java,0,java
datasets/java/1110.java,0,java
datasets/java/1111.java,0,java
datasets/java/1112.java,0,java
datasets/java/1113.java,0,java
datasets/java/1114.java,0,java
datasets/java/1115.java,0,java
datasets/java/1116.java,0,java
datasets/java/1117.java,0,java
datasets/java/1118.java,0,java
datasets/java/1119.java,0,java
datasets/java/1120.java,0,java
datasets/java/1121.java,0,java
datasets/java/1122.java,0,java
datasets/java/1123.java,0,java
datasets/java/1124.java,0,java
datasets/java/1125.java,0,java
datasets/java/1126.java,0,java
datasets/java/1127.java,0,java
datasets/java/1128.java,0,java
datasets/java/1129.java,0,java
datasets/java/1130.java,0,java
datasets/java/1131.java,0,java
datasets/java/1132.java,0,java
datasets/java/1133.java,0,java
datasets/java/1134.java,0,java
datasets/java/1135.java,0,java
datasets/java/1136.java,0,java
datasets/java/1137.java,0,java
datasets/java/1138.java,0,java
datasets/java/1139.java,0,java
datasets/java/1140.java,0,java
datasets/java/1141.java,0,java
datasets/java/1142.java,0,java
datasets/java/1143.java,0,java
datasets/java/1144.java,0,java
datasets/java/1145.java,0,java
datasets/java/1146.java,0,java
datasets/java/1147.java,0,java
datasets/java/1148.java,0,java
datasets/java/1149.java,0,java
datasets/java/1150.java,0,java
datasets/java/1151.java,0,java
datasets/java/1152.java,0,java
datasets/java/1153.java,0,java
datasets/java/1154.java,0,java
datasets/java/1155.java,0,java
datasets/java/1156.java,0,java
datasets/java/1173.java,0,java
datasets/java/1175.java,0,java
datasets/java/1176.java,0,java
datasets/java/1177.java,0,java
datasets/java/1180.java,0,java
datasets/java/1181.java,0,java
datasets/java/1182.java,0,java
datasets/java/1183.java,0,java
datasets/java/1184.java,0,java
datasets/java/1186.java,0,java
datasets/java/1187.java,0,java
datasets/java/1188.java,0,java
datasets/java/1189.java,0,java
datasets/java/1190.java,0,java
datasets/java/1191.java,0,java
datasets/java/1192.java,0,java
datasets/java/1193.java,0,java
datasets/java/1194.java,0,java
datasets/java/1195.java,0,java
datasets/java/1196.java,0,java
datasets/java/1197.java,0,java
datasets/java/1198.java,0,java
datasets/java/1199.java,0,java
datasets/java/1200.java,0,java
datasets/java/1201.java,0,java
datasets/java/1202.java,0,java
datasets/java/1203.java,0,java
datasets/java/1204.java,0,java
datasets/java/1205.java,0,java
datasets/java/1206.java,0,java
datasets/java/1207.java,0,java
datasets/java/1208.java,0,java
datasets/java/1209.java,0,java
datasets/java/1210.java,0,java
datasets/java/1211.java,0,java
datasets/java/1213.java,0,java
datasets/java/1214.java,0,java
datasets/java/1215.java,0,java
datasets/java/172.java,0,java
datasets/java/217.java,0,java
datasets/java/492.java,0,java
datasets/java/600.java,0,java
datasets/java/601.java,0,java
datasets/java/602.java,0,java
datasets/java/615.java,0,java
datasets/java/616.java,0,java
datasets/java/619.java,0,java
datasets/java/63.java,0,java
datasets/java/643.java,0,java
datasets/java/644.java,0,java
datasets/java/645.java,0,java
datasets/java/646.java,0,java
datasets/java/647.java,0,java
datasets/java/648.java,0,java
datasets/java/718.java,0,java
datasets/java/733.java,0,java
datasets/java/743.java,0,java
datasets/java/745.java,0,java
datasets/java/757.java,0,java
datasets/java/766.java,0,java
datasets/java/775.java,0,java
datasets/java/780.java,0,java
datasets/java/781.java,0,java
datasets/java/782.java,0,java
datasets/java/791.java,0,java
datasets/java/802.java,0,java
datasets/java/804.java,0,java
datasets/java/813.java,0,java
datasets/java/816.java,0,java
datasets/java/830.java,0,java
datasets/java/832.java,0,java
datasets/java/835.java,0,java
datasets/java/842.java,0,java
datasets/java/858.java,0,java
datasets/java/868.java,0,java
datasets/java/878.java,0,java
datasets/java/889.java,0,java
datasets/java/910.java,0,java
datasets/java/923.java,0,java
datasets/java/925.java,0,java
datasets/java/931.java,0,java
datasets/java/995.java,0,java
datasets/java/996.java,0,java
datasets/java/262.java,0,java
datasets/java/111.java,1,java
datasets/java/1157.java,1,java
datasets/java/1158.java,1,java
datasets/java/1159.java,1,java
datasets/java/1160.java,1,java
datasets/java/1161.java,1,java
datasets/java/1162.java,1,java
datasets/java/1164.java,1,java
datasets/java/1165.java,1,java
datasets/java/1166.java,1,java
datasets/java/1168.java,1,java
datasets/java/1169.java,1,java
datasets/java/1170.java,1,java
datasets/java/1171.java,1,java
datasets/java/125.java,1,java
datasets/java/127.java,1,java
datasets/java/1500.java,1,java
datasets/java/1501.java,1,java
datasets/java/1502.java,1,java
datasets/java/1503.java,1,java
datasets/java/1504.java,1,java
datasets/java/1505.java,1,java
datasets/java/1506.java,1,java
datasets/java/1507.java,1,java
datasets/java/1508.java,1,java
datasets/java/1509.java,1,java
datasets/java/1510.java,1,java
datasets/java/1511.java,1,java
datasets/java/1512.java,1,java
datasets/java/1514.java,1,java
datasets/java/1515.java,1,java
datasets/java/218.java,1,java
datasets/java/22.java,1,java
datasets/java/5.java,1,java
datasets/java/512.java,1,java
datasets/java/513.java,1,java
datasets/java/516.java,1,java
datasets/java/519.java,1,java
datasets/java/521.java,1,java
datasets/java/527.java,1,java
datasets/java/529.java,1,java
datasets/java/534.java,1,java
datasets/java/536.java,1,java
datasets/java/538.java,1,java
datasets/java/539.java,1,java
datasets/java/540.java,1,java
datasets/java/543.java,1,java
datasets/java/56.java,1,java
datasets/java/715.java,1,java
datasets/java/783.java,1,java
datasets/java/794.java,1,java
datasets/java/927.java,1,java
datasets/java/530.java,1,java
datasets/java/1167.java,1,java
datasets/java/1000.java,2,java
datasets/java/1002.java,2,java
datasets/java/1003.java,2,java
datasets/java/1004.java,2,java
datasets/java/1005.java,2,java
datasets/java/1006.java,2,java
datasets/java/1007.java,2,java
datasets/java/1008.java,2,java
datasets/java/1009.java,2,java
datasets/java/101.java,2,java
datasets/java/1010.java,2,java
datasets/java/1011.java,2,java
datasets/java/1012.java,2,java
datasets/java/1021.java,2,java
datasets/java/1022.java,2,java
datasets/java/1023.java,2,java
datasets/java/1025.java,2,java
datasets/java/1026.java,2,java
datasets/java/1027.java,2,java
datasets/java/1028.java,2,java
datasets/java/1029.java,2,java
datasets/java/106.java,2,java
datasets/java/109.java,2,java
datasets/java/268.java,2,java
datasets/java/269.java,2,java
datasets/java/270.java,2,java
datasets/java/272.java,2,java
datasets/java/273.java,2,java
datasets/java/275.java,2,java
datasets/java/276.java,2,java
datasets/java/277.java,2,java
datasets/java/279.java,2,java
datasets/java/28.java,2,java
datasets/java/280.java,2,java
datasets/java/281.java,2,java
datasets/java/282.java,2,java
datasets/java/283.java,2,java
datasets/java/284.java,2,java
datasets/java/287.java,2,java
datasets/java/296.java,2,java
datasets/java/299.java,2,java
datasets/java/3.java,2,java
datasets/java/300.java,2,java
datasets/java/308.java,2,java
datasets/java/309.java,2,java
datasets/java/32.java,2,java
datasets/java/320.java,2,java
datasets/java/321.java,2,java
datasets/java/329.java,2,java
datasets/java/33.java,2,java
datasets/java/331.java,2,java
datasets/java/333.java,2,java
datasets/java/334.java,2,java
datasets/java/345.java,2,java
datasets/java/349.java,2,java
datasets/java/350.java,2,java
datasets/java/351.java,2,java
datasets/java/352.java,2,java
datasets/java/353.java,2,java
datasets/java/354.java,2,java
datasets/java/355.java,2,java
datasets/java/356.java,2,java
datasets/java/358.java,2,java
datasets/java/36.java,2,java
datasets/java/360.java,2,java
datasets/java/365.java,2,java
datasets/java/37.java,2,java
datasets/java/374.java,2,java
datasets/java/377.java,2,java
datasets/java/378.java,2,java
datasets/java/38.java,2,java
datasets/java/381.java,2,java
datasets/java/382.java,2,java
datasets/java/383.java,2,java
datasets/java/385.java,2,java
datasets/java/386.java,2,java
datasets/java/388.java,2,java
datasets/java/389.java,2,java
datasets/java/39.java,2,java
datasets/java/390.java,2,java
datasets/java/391.java,2,java
datasets/java/393.java,2,java
datasets/java/394.java,2,java
datasets/java/398.java,2,java
datasets/java/399.java,2,java
datasets/java/4.java,2,java
datasets/java/400.java,2,java
datasets/java/404.java,2,java
datasets/java/405.java,2,java
datasets/java/406.java,2,java
datasets/java/408.java,2,java
datasets/java/409.java,2,java
datasets/java/410.java,2,java
datasets/java/411.java,2,java
datasets/java/412.java,2,java
datasets/java/413.java,2,java
datasets/java/414.java,2,java
datasets/java/415.java,2,java
datasets/java/417.java,2,java
datasets/java/418.java,2,java
datasets/java/419.java,2,java
datasets/java/420.java,2,java
datasets/java/422.java,2,java
datasets/java/424.java,2,java
datasets/java/425.java,2,java
datasets/java/426.java,2,java
datasets/java/428.java,2,java
datasets/java/429.java,2,java
datasets/java/43.java,2,java
datasets/java/430.java,2,java
datasets/java/431.java,2,java
datasets/java/432.java,2,java
datasets/java/433.java,2,java
datasets/java/434.java,2,java
datasets/java/435.java,2,java
datasets/java/436.java,2,java
datasets/java/437.java,2,java
datasets/java/438.java,2,java
datasets/java/439.java,2,java
datasets/java/44.java,2,java
datasets/java/440.java,2,java
datasets/java/441.java,2,java
datasets/java/442.java,2,java
datasets/java/443.java,2,java
datasets/java/445.java,2,java
datasets/java/446.java,2,java
datasets/java/447.java,2,java
datasets/java/449.java,2,java
datasets/java/45.java,2,java
datasets/java/451.java,2,java
datasets/java/452.java,2,java
datasets/java/453.java,2,java
datasets/java/454.java,2,java
datasets/java/455.java,2,java
datasets/java/456.java,2,java
datasets/java/461.java,2,java
datasets/java/462.java,2,java
datasets/java/469.java,2,java
datasets/java/470.java,2,java
datasets/java/479.java,2,java
datasets/java/481.java,2,java
datasets/java/494.java,2,java
datasets/java/496.java,2,java
datasets/java/500.java,2,java
datasets/java/506.java,2,java
datasets/java/507.java,2,java
datasets/java/508.java,2,java
datasets/java/509.java,2,java
datasets/java/515.java,2,java
datasets/java/517.java,2,java
datasets/java/524.java,2,java
datasets/java/526.java,2,java
datasets/java/528.java,2,java
datasets/java/531.java,2,java
datasets/java/532.java,2,java
datasets/java/533.java,2,java
datasets/java/535.java,2,java
datasets/java/537.java,2,java
datasets/java/54.java,2,java
datasets/java/541.java,2,java
datasets/java/542.java,2,java
datasets/java/544.java,2,java
datasets/java/545.java,2,java
datasets/java/547.java,2,java
datasets/java/549.java,2,java
datasets/java/55.java,2,java
datasets/java/551.java,2,java
datasets/java/552.java,2,java
datasets/java/553.java,2,java
datasets/java/554.java,2,java
datasets/java/555.java,2,java
datasets/java/557.java,2,java
datasets/java/558.java,2,java
datasets/java/559.java,2,java
datasets/java/563.java,2,java
datasets/java/568.java,2,java
datasets/java/569.java,2,java
datasets/java/57.java,2,java
datasets/java/570.java,2,java
datasets/java/571.java,2,java
datasets/java/574.java,2,java
datasets/java/578.java,2,java
datasets/java/580.java,2,java
datasets/java/582.java,2,java
datasets/java/588.java,2,java
datasets/java/589.java,2,java
datasets/java/59.java,2,java
datasets/java/590.java,2,java
datasets/java/591.java,2,java
datasets/java/593.java,2,java
datasets/java/594.java,2,java
datasets/java/599.java,2,java
datasets/java/6.java,2,java
datasets/java/603.java,2,java
datasets/java/604.java,2,java
datasets/java/617.java,2,java
datasets/java/618.java,2,java
datasets/java/62.java,2,java
datasets/java/621.java,2,java
datasets/java/622.java,2,java
datasets/java/632.java,2,java
datasets/java/633.java,2,java
datasets/java/636.java,2,java
datasets/java/637.java,2,java
datasets/java/638.java,2,java
datasets/java/639.java,2,java
datasets/java/64.java,2,java
datasets/java/640.java,2,java
datasets/java/641.java,2,java
datasets/java/642.java,2,java
datasets/java/65.java,2,java
datasets/java/650.java,2,java
datasets/java/653.java,2,java
datasets/java/654.java,2,java
datasets/java/657.java,2,java
datasets/java/658.java,2,java
datasets/java/659.java,2,java
datasets/java/66.java,2,java
datasets/java/660.java,2,java
datasets/java/662.java,2,java
datasets/java/665.java,2,java
datasets/java/667.java,2,java
datasets/java/668.java,2,java
datasets/java/669.java,2,java
datasets/java/67.java,2,java
datasets/java/670.java,2,java
datasets/java/671.java,2,java
datasets/java/672.java,2,java
datasets/java/675.java,2,java
datasets/java/676.java,2,java
datasets/java/679.java,2,java
datasets/java/683.java,2,java
datasets/java/685.java,2,java
datasets/java/687.java,2,java
datasets/java/69.java,2,java
datasets/java/693.java,2,java
datasets/java/694.java,2,java
datasets/java/695.java,2,java
datasets/java/696.java,2,java
datasets/java/698.java,2,java
datasets/java/699.java,2,java
datasets/java/704.java,2,java
datasets/java/708.java,2,java
datasets/java/712.java,2,java
datasets/java/713.java,2,java
datasets/java/714.java,2,java
datasets/java/717.java,2,java
datasets/java/719.java,2,java
datasets/java/721.java,2,java
datasets/java/728.java,2,java
datasets/java/735.java,2,java
datasets/java/736.java,2,java
datasets/java/738.java,2,java
datasets/java/742.java,2,java
datasets/java/746.java,2,java
datasets/java/747.java,2,java
datasets/java/750.java,2,java
datasets/java/752.java,2,java
datasets/java/753.java,2,java
datasets/java/754.java,2,java
datasets/java/756.java,2,java
datasets/java/758.java,2,java
datasets/java/76.java,2,java
datasets/java/761.java,2,java
datasets/java/763.java,2,java
datasets/java/765.java,2,java
datasets/java/770.java,2,java
datasets/java/771.java,2,java
datasets/java/772.java,2,java
datasets/java/773.java,2,java
datasets/java/774.java,2,java
datasets/java/776.java,2,java
datasets/java/777.java,2,java
datasets/java/78.java,2,java
datasets/java/785.java,2,java
datasets/java/786.java,2,java
datasets/java/789.java,2,java
datasets/java/79.java,2,java
datasets/java/793.java,2,java
datasets/java/795.java,2,java
datasets/java/796.java,2,java
datasets/java/798.java,2,java
datasets/java/799.java,2,java
datasets/java/8.java,2,java
datasets/java/80.java,2,java
datasets/java/800.java,2,java
datasets/java/801.java,2,java
datasets/java/803.java,2,java
datasets/java/806.java,2,java
datasets/java/81.java,2,java
datasets/java/814.java,2,java
datasets/java/820.java,2,java
datasets/java/824.java,2,java
datasets/java/825.java,2,java
datasets/java/827.java,2,java
datasets/java/828.java,2,java
datasets/java/829.java,2,java
datasets/java/836.java,2,java
datasets/java/837.java,2,java
datasets/java/841.java,2,java
datasets/java/846.java,2,java
datasets/java/848.java,2,java
datasets/java/85.java,2,java
datasets/java/851.java,2,java
datasets/java/854.java,2,java
datasets/java/856.java,2,java
datasets/java/857.java,2,java
datasets/java/860.java,2,java
datasets/java/861.java,2,java
datasets/java/864.java,2,java
datasets/java/867.java,2,java
datasets/java/869.java,2,java
datasets/java/874.java,2,java
datasets/java/875.java,2,java
datasets/java/880.java,2,java
datasets/java/881.java,2,java
datasets/java/883.java,2,java
datasets/java/886.java,2,java
datasets/java/887.java,2,java
datasets/java/89.java,2,java
datasets/java/890.java,2,java
datasets/java/892.java,2,java
datasets/java/893.java,2,java
datasets/java/896.java,2,java
datasets/java/898.java,2,java
datasets/java/9.java,2,java
datasets/java/90.java,2,java
datasets/java/900.java,2,java
datasets/java/902.java,2,java
datasets/java/91.java,2,java
datasets/java/913.java,2,java
datasets/java/916.java,2,java
datasets/java/918.java,2,java
datasets/java/921.java,2,java
datasets/java/926.java,2,java
datasets/java/929.java,2,java
datasets/java/935.java,2,java
datasets/java/938.java,2,java
datasets/java/939.java,2,java
datasets/java/940.java,2,java
datasets/java/941.java,2,java
datasets/java/942.java,2,java
datasets/java/944.java,2,java
datasets/java/946.java,2,java
datasets/java/947.java,2,java
datasets/java/948.java,2,java
datasets/java/951.java,2,java
datasets/java/952.java,2,java
datasets/java/963.java,2,java
datasets/java/965.java,2,java
datasets/java/968.java,2,java
datasets/java/969.java,2,java
datasets/java/97.java,2,java
datasets/java/970.java,2,java
datasets/java/971.java,2,java
datasets/java/972.java,2,java
datasets/java/973.java,2,java
datasets/java/974.java,2,java
datasets/java/976.java,2,java
datasets/java/977.java,2,java
datasets/java/978.java,2,java
datasets/java/979.java,2,java
datasets/java/98.java,2,java
datasets/java/981.java,2,java
datasets/java/994.java,2,java
datasets/java/997.java,2,java
datasets/java/998.java,2,java
datasets/java/999.java,2,java
datasets/java/114.java,2,java
datasets/java/130.java,2,java
datasets/java/137.java,2,java
datasets/java/160.java,2,java
datasets/java/20.java,2,java
datasets/java/259.java,2,java
datasets/java/291.java,2,java
datasets/java/297.java,2,java
datasets/java/301.java,2,java
datasets/java/312.java,2,java
datasets/java/34.java,2,java
datasets/java/49.java,2,java
datasets/java/77.java,2,java
datasets/java/99.java,2,java
datasets/java/1014.java,4,java
datasets/java/1015.java,4,java
datasets/java/1016.java,4,java
datasets/java/1017.java,4,java
datasets/java/1018.java,4,java
datasets/java/102.java,4,java
datasets/java/1035.java,4,java
datasets/java/1036.java,4,java
datasets/java/1037.java,4,java
datasets/java/1038.java,4,java
datasets/java/104.java,4,java
datasets/java/107.java,4,java
datasets/java/115.java,4,java
datasets/java/117.java,4,java
datasets/java/120.java,4,java
datasets/java/122.java,4,java
datasets/java/128.java,4,java
datasets/java/133.java,4,java
datasets/java/140.java,4,java
datasets/java/143.java,4,java
datasets/java/147.java,4,java
datasets/java/148.java,4,java
datasets/java/149.java,4,java
datasets/java/162.java,4,java
datasets/java/171.java,4,java
datasets/java/18.java,4,java
datasets/java/186.java,4,java
datasets/java/199.java,4,java
datasets/java/226.java,4,java
datasets/java/227.java,4,java
datasets/java/229.java,4,java
datasets/java/237.java,4,java
datasets/java/249.java,4,java
datasets/java/25.java,4,java
datasets/java/251.java,4,java
datasets/java/252.java,4,java
datasets/java/254.java,4,java
datasets/java/257.java,4,java
datasets/java/258.java,4,java
datasets/java/26.java,4,java
datasets/java/264.java,4,java
datasets/java/271.java,4,java
datasets/java/274.java,4,java
datasets/java/278.java,4,java
datasets/java/285.java,4,java
datasets/java/288.java,4,java
datasets/java/290.java,4,java
datasets/java/293.java,4,java
datasets/java/295.java,4,java
datasets/java/298.java,4,java
datasets/java/30.java,4,java
datasets/java/303.java,4,java
datasets/java/304.java,4,java
datasets/java/305.java,4,java
datasets/java/307.java,4,java
datasets/java/311.java,4,java
datasets/java/314.java,4,java
datasets/java/317.java,4,java
datasets/java/318.java,4,java
datasets/java/319.java,4,java
datasets/java/322.java,4,java
datasets/java/323.java,4,java
datasets/java/324.java,4,java
datasets/java/325.java,4,java
datasets/java/328.java,4,java
datasets/java/332.java,4,java
datasets/java/335.java,4,java
datasets/java/337.java,4,java
datasets/java/339.java,4,java
datasets/java/342.java,4,java
datasets/java/344.java,4,java
datasets/java/346.java,4,java
datasets/java/348.java,4,java
datasets/java/357.java,4,java
datasets/java/363.java,4,java
datasets/java/366.java,4,java
datasets/java/367.java,4,java
datasets/java/368.java,4,java
datasets/java/369.java,4,java
datasets/java/370.java,4,java
datasets/java/371.java,4,java
datasets/java/372.java,4,java
datasets/java/373.java,4,java
datasets/java/375.java,4,java
datasets/java/376.java,4,java
datasets/java/384.java,4,java
datasets/java/387.java,4,java
datasets/java/396.java,4,java
datasets/java/401.java,4,java
datasets/java/402.java,4,java
datasets/java/403.java,4,java
datasets/java/407.java,4,java
datasets/java/416.java,4,java
datasets/java/421.java,4,java
datasets/java/423.java,4,java
datasets/java/465.java,4,java
datasets/java/467.java,4,java
datasets/java/471.java,4,java
datasets/java/488.java,4,java
datasets/java/489.java,4,java
datasets/java/490.java,4,java
datasets/java/497.java,4,java
datasets/java/522.java,4,java
datasets/java/550.java,4,java
datasets/java/556.java,4,java
datasets/java/560.java,4,java
datasets/java/565.java,4,java
datasets/java/576.java,4,java
datasets/java/581.java,4,java
datasets/java/583.java,4,java
datasets/java/585.java,4,java
datasets/java/587.java,4,java
datasets/java/592.java,4,java
datasets/java/595.java,4,java
datasets/java/596.java,4,java
datasets/java/598.java,4,java
datasets/java/608.java,4,java
datasets/java/609.java,4,java
datasets/java/61.java,4,java
datasets/java/613.java,4,java
datasets/java/623.java,4,java
datasets/java/624.java,4,java
datasets/java/625.java,4,java
datasets/java/628.java,4,java
datasets/java/630.java,4,java
datasets/java/634.java,4,java
datasets/java/635.java,4,java
datasets/java/655.java,4,java
datasets/java/656.java,4,java
datasets/java/68.java,4,java
datasets/java/681.java,4,java
datasets/java/686.java,4,java
datasets/java/688.java,4,java
datasets/java/690.java,4,java
datasets/java/692.java,4,java
datasets/java/697.java,4,java
datasets/java/7.java,4,java
datasets/java/700.java,4,java
datasets/java/701.java,4,java
datasets/java/703.java,4,java
datasets/java/705.java,4,java
datasets/java/706.java,4,java
datasets/java/710.java,4,java
datasets/java/72.java,4,java
datasets/java/720.java,4,java
datasets/java/729.java,4,java
datasets/java/731.java,4,java
datasets/java/732.java,4,java
datasets/java/734.java,4,java
datasets/java/74.java,4,java
datasets/java/741.java,4,java
datasets/java/75.java,4,java
datasets/java/759.java,4,java
datasets/java/762.java,4,java
datasets/java/764.java,4,java
datasets/java/769.java,4,java
datasets/java/790.java,4,java
datasets/java/807.java,4,java
datasets/java/811.java,4,java
datasets/java/815.java,4,java
datasets/java/82.java,4,java
datasets/java/821.java,4,java
datasets/java/822.java,4,java
datasets/java/823.java,4,java
datasets/java/826.java,4,java
datasets/java/831.java,4,java
datasets/java/839.java,4,java
datasets/java/84.java,4,java
datasets/java/840.java,4,java
datasets/java/843.java,4,java
datasets/java/852.java,4,java
datasets/java/863.java,4,java
datasets/java/865.java,4,java
datasets/java/877.java,4,java
datasets/java/894.java,4,java
datasets/java/905.java,4,java
datasets/java/906.java,4,java
datasets/java/908.java,4,java
datasets/java/911.java,4,java
datasets/java/92.java,4,java
datasets/java/922.java,4,java
datasets/java/928.java,4,java
datasets/java/933.java,4,java
datasets/java/94.java,4,java
datasets/java/943.java,4,java
datasets/java/949.java,4,java
datasets/java/986.java,4,java
datasets/java/987.java,4,java
datasets/java/988.java,4,java
datasets/java/989.java,4,java
datasets/java/990.java,4,java
datasets/java/991.java,4,java
datasets/java/992.java,4,java
datasets/java/993.java,4,java
datasets/java/144.java,4,java
datasets/java/294.java,4,java
datasets/java/31.java,4,java
datasets/java/340.java,4,java
datasets/java/73.java,4,java
datasets/java/10.java,3,java
datasets/java/1019.java,3,java
datasets/java/1020.java,3,java
datasets/java/1024.java,3,java
datasets/java/1030.java,3,java
datasets/java/1031.java,3,java
datasets/java/1032.java,3,java
datasets/java/1033.java,3,java
datasets/java/1034.java,3,java
datasets/java/108.java,3,java
datasets/java/116.java,3,java
datasets/java/136.java,3,java
datasets/java/138.java,3,java
datasets/java/145.java,3,java
datasets/java/15.java,3,java
datasets/java/174.java,3,java
datasets/java/234.java,3,java
datasets/java/315.java,3,java
datasets/java/326.java,3,java
datasets/java/327.java,3,java
datasets/java/41.java,3,java
datasets/java/450.java,3,java
datasets/java/457.java,3,java
datasets/java/458.java,3,java
datasets/java/459.java,3,java
datasets/java/46.java,3,java
datasets/java/460.java,3,java
datasets/java/464.java,3,java
datasets/java/466.java,3,java
datasets/java/474.java,3,java
datasets/java/475.java,3,java
datasets/java/476.java,3,java
datasets/java/477.java,3,java
datasets/java/48.java,3,java
datasets/java/480.java,3,java
datasets/java/482.java,3,java
datasets/java/483.java,3,java
datasets/java/484.java,3,java
datasets/java/485.java,3,java
datasets/java/486.java,3,java
datasets/java/491.java,3,java
datasets/java/493.java,3,java
datasets/java/498.java,3,java
datasets/java/499.java,3,java
datasets/java/501.java,3,java
datasets/java/502.java,3,java
datasets/java/503.java,3,java
datasets/java/504.java,3,java
datasets/java/505.java,3,java
datasets/java/510.java,3,java
datasets/java/523.java,3,java
datasets/java/525.java,3,java
datasets/java/546.java,3,java
datasets/java/561.java,3,java
datasets/java/562.java,3,java
datasets/java/564.java,3,java
datasets/java/572.java,3,java
datasets/java/575.java,3,java
datasets/java/577.java,3,java
datasets/java/579.java,3,java
datasets/java/58.java,3,java
datasets/java/584.java,3,java
datasets/java/586.java,3,java
datasets/java/605.java,3,java
datasets/java/606.java,3,java
datasets/java/607.java,3,java
datasets/java/610.java,3,java
datasets/java/612.java,3,java
datasets/java/626.java,3,java
datasets/java/627.java,3,java
datasets/java/629.java,3,java
datasets/java/649.java,3,java
datasets/java/651.java,3,java
datasets/java/652.java,3,java
datasets/java/661.java,3,java
datasets/java/663.java,3,java
datasets/java/664.java,3,java
datasets/java/666.java,3,java
datasets/java/677.java,3,java
datasets/java/680.java,3,java
datasets/java/682.java,3,java
datasets/java/684.java,3,java
datasets/java/689.java,3,java
datasets/java/691.java,3,java
datasets/java/70.java,3,java
datasets/java/707.java,3,java
datasets/java/727.java,3,java
datasets/java/737.java,3,java
datasets/java/744.java,3,java
datasets/java/749.java,3,java
datasets/java/751.java,3,java
datasets/java/755.java,3,java
datasets/java/760.java,3,java
datasets/java/767.java,3,java
datasets/java/784.java,3,java
datasets/java/787.java,3,java
datasets/java/788.java,3,java
datasets/java/792.java,3,java
datasets/java/805.java,3,java
datasets/java/808.java,3,java
datasets/java/810.java,3,java
datasets/java/812.java,3,java
datasets/java/818.java,3,java
datasets/java/819.java,3,java
datasets/java/83.java,3,java
datasets/java/833.java,3,java
datasets/java/838.java,3,java
datasets/java/844.java,3,java
datasets/java/845.java,3,java
datasets/java/847.java,3,java
datasets/java/850.java,3,java
datasets/java/855.java,3,java
datasets/java/87.java,3,java
datasets/java/872.java,3,java
datasets/java/879.java,3,java
datasets/java/88.java,3,java
datasets/java/882.java,3,java
datasets/java/884.java,3,java
datasets/java/888.java,3,java
datasets/java/895.java,3,java
datasets/java/897.java,3,java
datasets/java/901.java,3,java
datasets/java/904.java,3,java
datasets/java/907.java,3,java
datasets/java/909.java,3,java
datasets/java/912.java,3,java
datasets/java/914.java,3,java
datasets/java/915.java,3,java
datasets/java/919.java,3,java
datasets/java/920.java,3,java
datasets/java/924.java,3,java
datasets/java/93.java,3,java
datasets/java/930.java,3,java
datasets/java/934.java,3,java
datasets/java/936.java,3,java
datasets/java/945.java,3,java
datasets/java/95.java,3,java
datasets/java/953.java,3,java
datasets/java/955.java,3,java
datasets/java/956.java,3,java
datasets/java/957.java,3,java
datasets/java/960.java,3,java
datasets/java/961.java,3,java
datasets/java/964.java,3,java
datasets/java/966.java,3,java
datasets/java/967.java,3,java
datasets/java/975.java,3,java
datasets/java/980.java,3,java
