,file_name,complexity,codebert_embeddings_path,bert_embeddings_path,bert_predictions_svm,codebert_predictions_svm,bert_predictions_rf,codebert_predictions_rf
826,499.java,nlogn,./embeddings-codebert/499.java.pth,./embeddings-bert/499.java.pth,n,n,nlogn,nlogn
234,283.java,n,./embeddings-codebert/283.java.pth,./embeddings-bert/283.java.pth,n,n,n,n
795,138.java,nlogn,./embeddings-codebert/138.java.pth,./embeddings-bert/138.java.pth,n,n,nlogn,nlogn
126,813.java,1,./embeddings-codebert/813.java.pth,./embeddings-bert/813.java.pth,1,n,1,1
429,676.java,n,./embeddings-codebert/676.java.pth,./embeddings-bert/676.java.pth,n,n,n,n
441,704.java,n,./embeddings-codebert/704.java.pth,./embeddings-bert/704.java.pth,n,n,n,n
104,616.java,1,./embeddings-codebert/616.java.pth,./embeddings-bert/616.java.pth,n,n,1,1
894,855.java,nlogn,./embeddings-codebert/855.java.pth,./embeddings-bert/855.java.pth,n,n,nlogn,nlogn
70,1188.java,1,./embeddings-codebert/1188.java.pth,./embeddings-bert/1188.java.pth,1,n,1,1
688,556.java,n_square,./embeddings-codebert/556.java.pth,./embeddings-bert/556.java.pth,n,n,n_square,n_square
211,1021.java,n,./embeddings-codebert/1021.java.pth,./embeddings-bert/1021.java.pth,n,n,n,n
262,36.java,n,./embeddings-codebert/36.java.pth,./embeddings-bert/36.java.pth,n,n,n,n
879,788.java,nlogn,./embeddings-codebert/788.java.pth,./embeddings-bert/788.java.pth,nlogn,n,nlogn,nlogn
350,524.java,n,./embeddings-codebert/524.java.pth,./embeddings-bert/524.java.pth,n,n,n,n
590,1035.java,n_square,./embeddings-codebert/1035.java.pth,./embeddings-bert/1035.java.pth,n_square,n,n_square,n_square
605,148.java,n_square,./embeddings-codebert/148.java.pth,./embeddings-bert/148.java.pth,n_square,n,n_square,n_square
715,686.java,n_square,./embeddings-codebert/686.java.pth,./embeddings-bert/686.java.pth,n_square,n_square,n_square,n_square
601,133.java,n_square,./embeddings-codebert/133.java.pth,./embeddings-bert/133.java.pth,n_square,n_square,n_square,n_square
783,10.java,nlogn,./embeddings-codebert/10.java.pth,./embeddings-bert/10.java.pth,n,n,nlogn,nlogn
832,510.java,nlogn,./embeddings-codebert/510.java.pth,./embeddings-bert/510.java.pth,n,n,nlogn,nlogn
366,551.java,n,./embeddings-codebert/551.java.pth,./embeddings-bert/551.java.pth,n,n,n,n
539,939.java,n,./embeddings-codebert/939.java.pth,./embeddings-bert/939.java.pth,n,n,n,n
654,344.java,n_square,./embeddings-codebert/344.java.pth,./embeddings-bert/344.java.pth,n_square,n_square,n_square,n_square
802,327.java,nlogn,./embeddings-codebert/327.java.pth,./embeddings-bert/327.java.pth,n,n,nlogn,nlogn
629,288.java,n_square,./embeddings-codebert/288.java.pth,./embeddings-bert/288.java.pth,n,n,n_square,n_square
667,375.java,n_square,./embeddings-codebert/375.java.pth,./embeddings-bert/375.java.pth,n_square,n,n_square,n_square
229,279.java,n,./embeddings-codebert/279.java.pth,./embeddings-bert/279.java.pth,n,n,n,n
204,1007.java,n,./embeddings-codebert/1007.java.pth,./embeddings-bert/1007.java.pth,n,n,n,n
127,816.java,1,./embeddings-codebert/816.java.pth,./embeddings-bert/816.java.pth,n,n,1,1
7,1106.java,1,./embeddings-codebert/1106.java.pth,./embeddings-bert/1106.java.pth,n,n,1,1
517,886.java,n,./embeddings-codebert/886.java.pth,./embeddings-bert/886.java.pth,n,n,n,n
339,479.java,n,./embeddings-codebert/479.java.pth,./embeddings-bert/479.java.pth,n,n,n,n
653,342.java,n_square,./embeddings-codebert/342.java.pth,./embeddings-bert/342.java.pth,n_square,n,n_square,n_square
148,1161.java,logn,./embeddings-codebert/1161.java.pth,./embeddings-bert/1161.java.pth,n,n,logn,logn
630,290.java,n_square,./embeddings-codebert/290.java.pth,./embeddings-bert/290.java.pth,n,n,n_square,n_square
747,823.java,n_square,./embeddings-codebert/823.java.pth,./embeddings-bert/823.java.pth,n,n,n_square,n_square
586,1016.java,n_square,./embeddings-codebert/1016.java.pth,./embeddings-bert/1016.java.pth,n_square,n,n_square,n_square
472,777.java,n,./embeddings-codebert/777.java.pth,./embeddings-bert/777.java.pth,n,n,n,n
57,1156.java,1,./embeddings-codebert/1156.java.pth,./embeddings-bert/1156.java.pth,n,n,1,1
141,996.java,1,./embeddings-codebert/996.java.pth,./embeddings-bert/996.java.pth,n,n,1,1
34,1133.java,1,./embeddings-codebert/1133.java.pth,./embeddings-bert/1133.java.pth,n,n,1,1
683,489.java,n_square,./embeddings-codebert/489.java.pth,./embeddings-bert/489.java.pth,n_square,n,n_square,n_square
503,851.java,n,./embeddings-codebert/851.java.pth,./embeddings-bert/851.java.pth,n,n,n,n
721,700.java,n_square,./embeddings-codebert/700.java.pth,./embeddings-bert/700.java.pth,n,n,n_square,n_square
816,48.java,nlogn,./embeddings-codebert/48.java.pth,./embeddings-bert/48.java.pth,n,n,nlogn,nlogn
316,437.java,n,./embeddings-codebert/437.java.pth,./embeddings-bert/437.java.pth,n,n,n,n
78,1196.java,1,./embeddings-codebert/1196.java.pth,./embeddings-bert/1196.java.pth,1,1,1,1
389,593.java,n,./embeddings-codebert/593.java.pth,./embeddings-bert/593.java.pth,n,n,n,n
405,639.java,n,./embeddings-codebert/639.java.pth,./embeddings-bert/639.java.pth,n,n,n,n
743,815.java,n_square,./embeddings-codebert/815.java.pth,./embeddings-bert/815.java.pth,n,n,n_square,n_square
703,613.java,n_square,./embeddings-codebert/613.java.pth,./embeddings-bert/613.java.pth,n,n,n_square,n_square
698,596.java,n_square,./embeddings-codebert/596.java.pth,./embeddings-bert/596.java.pth,n_square,n,n_square,n_square
137,923.java,1,./embeddings-codebert/923.java.pth,./embeddings-bert/923.java.pth,n,n,1,1
235,284.java,n,./embeddings-codebert/284.java.pth,./embeddings-bert/284.java.pth,n,n,n,n
542,942.java,n,./embeddings-codebert/942.java.pth,./embeddings-bert/942.java.pth,n,n,nlogn,nlogn
401,633.java,n,./embeddings-codebert/633.java.pth,./embeddings-bert/633.java.pth,n,n,n,n
6,1105.java,1,./embeddings-codebert/1105.java.pth,./embeddings-bert/1105.java.pth,n,n,1,1
860,666.java,nlogn,./embeddings-codebert/666.java.pth,./embeddings-bert/666.java.pth,n,n,nlogn,nlogn
781,340.java,n_square,./embeddings-codebert/340.java.pth,./embeddings-bert/340.java.pth,n_square,n_square,n_square,n_square
174,1515.java,logn,./embeddings-codebert/1515.java.pth,./embeddings-bert/1515.java.pth,logn,n,logn,logn
301,420.java,n,./embeddings-codebert/420.java.pth,./embeddings-bert/420.java.pth,n,n,n,n
680,467.java,n_square,./embeddings-codebert/467.java.pth,./embeddings-bert/467.java.pth,n_square,n,n_square,n_square
46,1145.java,1,./embeddings-codebert/1145.java.pth,./embeddings-bert/1145.java.pth,1,n,1,1
294,412.java,n,./embeddings-codebert/412.java.pth,./embeddings-bert/412.java.pth,n,n,n,n
564,981.java,n,./embeddings-codebert/981.java.pth,./embeddings-bert/981.java.pth,n,n,n,n
791,1034.java,nlogn,./embeddings-codebert/1034.java.pth,./embeddings-bert/1034.java.pth,n,n,nlogn,nlogn
645,323.java,n_square,./embeddings-codebert/323.java.pth,./embeddings-bert/323.java.pth,n_square,n,n_square,n_square
617,25.java,n_square,./embeddings-codebert/25.java.pth,./embeddings-bert/25.java.pth,n,n,n_square,n_square
318,439.java,n,./embeddings-codebert/439.java.pth,./embeddings-bert/439.java.pth,n,n,n,n
343,500.java,n,./embeddings-codebert/500.java.pth,./embeddings-bert/500.java.pth,n,n,n,n
375,568.java,n,./embeddings-codebert/568.java.pth,./embeddings-bert/568.java.pth,n,n,n,n
364,549.java,n,./embeddings-codebert/549.java.pth,./embeddings-bert/549.java.pth,n,n,n,n
297,415.java,n,./embeddings-codebert/415.java.pth,./embeddings-bert/415.java.pth,n,n,n,n
612,226.java,n_square,./embeddings-codebert/226.java.pth,./embeddings-bert/226.java.pth,n,n,n_square,n_square
212,1022.java,n,./embeddings-codebert/1022.java.pth,./embeddings-bert/1022.java.pth,n,n,n,n
120,780.java,1,./embeddings-codebert/780.java.pth,./embeddings-bert/780.java.pth,n,n,1,1
575,291.java,n,./embeddings-codebert/291.java.pth,./embeddings-bert/291.java.pth,n,n,n,n
773,989.java,n_square,./embeddings-codebert/989.java.pth,./embeddings-bert/989.java.pth,n,n,n_square,n_square
18,1117.java,1,./embeddings-codebert/1117.java.pth,./embeddings-bert/1117.java.pth,n,n,1,1
700,608.java,n_square,./embeddings-codebert/608.java.pth,./embeddings-bert/608.java.pth,n,n,n_square,n_square
821,485.java,nlogn,./embeddings-codebert/485.java.pth,./embeddings-bert/485.java.pth,n,n,nlogn,nlogn
192,715.java,logn,./embeddings-codebert/715.java.pth,./embeddings-bert/715.java.pth,n,n,logn,logn
66,1184.java,1,./embeddings-codebert/1184.java.pth,./embeddings-bert/1184.java.pth,n,n,1,1
855,651.java,nlogn,./embeddings-codebert/651.java.pth,./embeddings-bert/651.java.pth,n,n,nlogn,nlogn
56,1155.java,1,./embeddings-codebert/1155.java.pth,./embeddings-bert/1155.java.pth,n,n,1,1
584,1014.java,n_square,./embeddings-codebert/1014.java.pth,./embeddings-bert/1014.java.pth,n,n,n_square,n_square
641,317.java,n_square,./embeddings-codebert/317.java.pth,./embeddings-bert/317.java.pth,n_square,n_square,n_square,n_square
246,329.java,n,./embeddings-codebert/329.java.pth,./embeddings-bert/329.java.pth,n,n,n,n
162,1503.java,logn,./embeddings-codebert/1503.java.pth,./embeddings-bert/1503.java.pth,logn,n,logn,logn
258,354.java,n,./embeddings-codebert/354.java.pth,./embeddings-bert/354.java.pth,n,n,n,n
538,938.java,n,./embeddings-codebert/938.java.pth,./embeddings-bert/938.java.pth,n,n,n,n
865,689.java,nlogn,./embeddings-codebert/689.java.pth,./embeddings-bert/689.java.pth,nlogn,nlogn,nlogn,nlogn
175,218.java,logn,./embeddings-codebert/218.java.pth,./embeddings-bert/218.java.pth,n,n,logn,logn
313,434.java,n,./embeddings-codebert/434.java.pth,./embeddings-bert/434.java.pth,n,n,n,n
518,887.java,n,./embeddings-codebert/887.java.pth,./embeddings-bert/887.java.pth,n,n,n,n
226,275.java,n,./embeddings-codebert/275.java.pth,./embeddings-bert/275.java.pth,n,n,n,n
275,386.java,n,./embeddings-codebert/386.java.pth,./embeddings-bert/386.java.pth,n,n,n,n
239,3.java,n,./embeddings-codebert/3.java.pth,./embeddings-bert/3.java.pth,n,n,n,n
146,1159.java,logn,./embeddings-codebert/1159.java.pth,./embeddings-bert/1159.java.pth,logn,logn,logn,logn
3,1102.java,1,./embeddings-codebert/1102.java.pth,./embeddings-bert/1102.java.pth,n,n,1,1
143,111.java,logn,./embeddings-codebert/111.java.pth,./embeddings-bert/111.java.pth,logn,n,logn,logn
900,882.java,nlogn,./embeddings-codebert/882.java.pth,./embeddings-bert/882.java.pth,n,n,nlogn,nlogn
41,1140.java,1,./embeddings-codebert/1140.java.pth,./embeddings-bert/1140.java.pth,1,n,1,1
203,1006.java,n,./embeddings-codebert/1006.java.pth,./embeddings-bert/1006.java.pth,n,n,n,n
332,454.java,n,./embeddings-codebert/454.java.pth,./embeddings-bert/454.java.pth,n,n,n,n
675,407.java,n_square,./embeddings-codebert/407.java.pth,./embeddings-bert/407.java.pth,n,n,n_square,n_square
167,1508.java,logn,./embeddings-codebert/1508.java.pth,./embeddings-bert/1508.java.pth,n,n,logn,logn
881,805.java,nlogn,./embeddings-codebert/805.java.pth,./embeddings-bert/805.java.pth,n,n,nlogn,nlogn
342,496.java,n,./embeddings-codebert/496.java.pth,./embeddings-bert/496.java.pth,n,n,n,n
85,1203.java,1,./embeddings-codebert/1203.java.pth,./embeddings-bert/1203.java.pth,n,n,1,1
553,97.java,n,./embeddings-codebert/97.java.pth,./embeddings-bert/97.java.pth,n,n,n,n
69,1187.java,1,./embeddings-codebert/1187.java.pth,./embeddings-bert/1187.java.pth,1,n,1,1
8,1107.java,1,./embeddings-codebert/1107.java.pth,./embeddings-bert/1107.java.pth,n,n,1,1
227,276.java,n,./embeddings-codebert/276.java.pth,./embeddings-bert/276.java.pth,n,n,n,n
833,523.java,nlogn,./embeddings-codebert/523.java.pth,./embeddings-bert/523.java.pth,n,n,nlogn,nlogn
369,554.java,n,./embeddings-codebert/554.java.pth,./embeddings-bert/554.java.pth,n,n,n,n
714,681.java,n_square,./embeddings-codebert/681.java.pth,./embeddings-bert/681.java.pth,n_square,n,n_square,n_square
643,319.java,n_square,./embeddings-codebert/319.java.pth,./embeddings-bert/319.java.pth,n_square,n_square,n_square,n_square
117,757.java,1,./embeddings-codebert/757.java.pth,./embeddings-bert/757.java.pth,n,n,1,1
624,264.java,n_square,./embeddings-codebert/264.java.pth,./embeddings-bert/264.java.pth,n,n,n_square,n_square
514,880.java,n,./embeddings-codebert/880.java.pth,./embeddings-bert/880.java.pth,n,n,n,n
360,542.java,n,./embeddings-codebert/542.java.pth,./embeddings-bert/542.java.pth,n,n,n,n
757,877.java,n_square,./embeddings-codebert/877.java.pth,./embeddings-bert/877.java.pth,n,n,n_square,n_square
918,936.java,nlogn,./embeddings-codebert/936.java.pth,./embeddings-bert/936.java.pth,n,n,nlogn,nlogn
255,351.java,n,./embeddings-codebert/351.java.pth,./embeddings-bert/351.java.pth,n,n,n,n
437,695.java,n,./embeddings-codebert/695.java.pth,./embeddings-bert/695.java.pth,n,n,n,n
657,357.java,n_square,./embeddings-codebert/357.java.pth,./embeddings-bert/357.java.pth,n_square,n_square,n_square,n_square
439,698.java,n,./embeddings-codebert/698.java.pth,./embeddings-bert/698.java.pth,n,n,n,n
20,1119.java,1,./embeddings-codebert/1119.java.pth,./embeddings-bert/1119.java.pth,n,n,1,1
880,792.java,nlogn,./embeddings-codebert/792.java.pth,./embeddings-bert/792.java.pth,n,n,nlogn,nlogn
96,1215.java,1,./embeddings-codebert/1215.java.pth,./embeddings-bert/1215.java.pth,n,n,1,1
920,95.java,nlogn,./embeddings-codebert/95.java.pth,./embeddings-bert/95.java.pth,n,n,nlogn,nlogn
418,660.java,n,./embeddings-codebert/660.java.pth,./embeddings-bert/660.java.pth,n,n,n,n
545,947.java,n,./embeddings-codebert/947.java.pth,./embeddings-bert/947.java.pth,n,n,n,n
607,162.java,n_square,./embeddings-codebert/162.java.pth,./embeddings-bert/162.java.pth,n,n,n_square,n_square
782,73.java,n_square,./embeddings-codebert/73.java.pth,./embeddings-bert/73.java.pth,n_square,n_square,n_square,n_square
82,1200.java,1,./embeddings-codebert/1200.java.pth,./embeddings-bert/1200.java.pth,n,n,1,1
862,680.java,nlogn,./embeddings-codebert/680.java.pth,./embeddings-bert/680.java.pth,n,n,nlogn,nlogn
290,408.java,n,./embeddings-codebert/408.java.pth,./embeddings-bert/408.java.pth,n,n,n,n
904,897.java,nlogn,./embeddings-codebert/897.java.pth,./embeddings-bert/897.java.pth,n,n,nlogn,nlogn
519,89.java,n,./embeddings-codebert/89.java.pth,./embeddings-bert/89.java.pth,n,n,n,n
136,910.java,1,./embeddings-codebert/910.java.pth,./embeddings-bert/910.java.pth,n,n,1,1
840,575.java,nlogn,./embeddings-codebert/575.java.pth,./embeddings-bert/575.java.pth,n,n,nlogn,nlogn
888,833.java,nlogn,./embeddings-codebert/833.java.pth,./embeddings-bert/833.java.pth,n,n,nlogn,nlogn
414,657.java,n,./embeddings-codebert/657.java.pth,./embeddings-bert/657.java.pth,n,n,n,n
625,271.java,n_square,./embeddings-codebert/271.java.pth,./embeddings-bert/271.java.pth,n,n,n_square,n_square
286,400.java,n,./embeddings-codebert/400.java.pth,./embeddings-bert/400.java.pth,n,n,n,n
769,949.java,n_square,./embeddings-codebert/949.java.pth,./embeddings-bert/949.java.pth,n,n,n_square,n_square
349,517.java,n,./embeddings-codebert/517.java.pth,./embeddings-bert/517.java.pth,n,n,n,n
464,763.java,n,./embeddings-codebert/763.java.pth,./embeddings-bert/763.java.pth,n,n,n,n
354,532.java,n,./embeddings-codebert/532.java.pth,./embeddings-bert/532.java.pth,n,n,n,n
47,1146.java,1,./embeddings-codebert/1146.java.pth,./embeddings-bert/1146.java.pth,n,n,1,1
893,850.java,nlogn,./embeddings-codebert/850.java.pth,./embeddings-bert/850.java.pth,n,n,nlogn,nlogn
122,782.java,1,./embeddings-codebert/782.java.pth,./embeddings-bert/782.java.pth,n,n,1,1
582,99.java,n,./embeddings-codebert/99.java.pth,./embeddings-bert/99.java.pth,n,n,n,n
273,383.java,n,./embeddings-codebert/383.java.pth,./embeddings-bert/383.java.pth,n,n,n,n
751,84.java,n_square,./embeddings-codebert/84.java.pth,./embeddings-bert/84.java.pth,n,n,n_square,n_square
231,280.java,n,./embeddings-codebert/280.java.pth,./embeddings-bert/280.java.pth,n,n,n,n
854,649.java,nlogn,./embeddings-codebert/649.java.pth,./embeddings-bert/649.java.pth,n,n,nlogn,nlogn
537,935.java,n,./embeddings-codebert/935.java.pth,./embeddings-bert/935.java.pth,n,n,n,n
640,314.java,n_square,./embeddings-codebert/314.java.pth,./embeddings-bert/314.java.pth,n_square,n,n_square,n_square
486,801.java,n,./embeddings-codebert/801.java.pth,./embeddings-bert/801.java.pth,n,n,n,n
315,436.java,n,./embeddings-codebert/436.java.pth,./embeddings-bert/436.java.pth,n,n,n,n
407,640.java,n,./embeddings-codebert/640.java.pth,./embeddings-bert/640.java.pth,n,n,n,n
670,387.java,n_square,./embeddings-codebert/387.java.pth,./embeddings-bert/387.java.pth,n,n,n_square,n_square
869,727.java,nlogn,./embeddings-codebert/727.java.pth,./embeddings-bert/727.java.pth,n,n,nlogn,nlogn
357,537.java,n,./embeddings-codebert/537.java.pth,./embeddings-bert/537.java.pth,n,n,n,n
831,505.java,nlogn,./embeddings-codebert/505.java.pth,./embeddings-bert/505.java.pth,n,n,nlogn,nlogn
592,1037.java,n_square,./embeddings-codebert/1037.java.pth,./embeddings-bert/1037.java.pth,n,n,n_square,n_square
44,1143.java,1,./embeddings-codebert/1143.java.pth,./embeddings-bert/1143.java.pth,n,n,1,1
665,372.java,n_square,./embeddings-codebert/372.java.pth,./embeddings-bert/372.java.pth,n_square,n,n_square,n_square
648,328.java,n_square,./embeddings-codebert/328.java.pth,./embeddings-bert/328.java.pth,n_square,n,n_square,n_square
361,544.java,n,./embeddings-codebert/544.java.pth,./embeddings-bert/544.java.pth,n,n,n,n
735,75.java,n_square,./embeddings-codebert/75.java.pth,./embeddings-bert/75.java.pth,n,n,n_square,n_square
29,1128.java,1,./embeddings-codebert/1128.java.pth,./embeddings-bert/1128.java.pth,1,n,1,1
634,30.java,n_square,./embeddings-codebert/30.java.pth,./embeddings-bert/30.java.pth,n,n,n_square,n_square
89,1207.java,1,./embeddings-codebert/1207.java.pth,./embeddings-bert/1207.java.pth,n,n,1,1
531,916.java,n,./embeddings-codebert/916.java.pth,./embeddings-bert/916.java.pth,n,n,n,n
322,442.java,n,./embeddings-codebert/442.java.pth,./embeddings-bert/442.java.pth,n,n,n,n
189,540.java,logn,./embeddings-codebert/540.java.pth,./embeddings-bert/540.java.pth,logn,n,logn,logn
336,462.java,n,./embeddings-codebert/462.java.pth,./embeddings-bert/462.java.pth,n,n,n,n
277,389.java,n,./embeddings-codebert/389.java.pth,./embeddings-bert/389.java.pth,n,n,n,n
681,471.java,n_square,./embeddings-codebert/471.java.pth,./embeddings-bert/471.java.pth,n,n,n_square,n_square
896,87.java,nlogn,./embeddings-codebert/87.java.pth,./embeddings-bert/87.java.pth,n,n,nlogn,nlogn
908,909.java,nlogn,./embeddings-codebert/909.java.pth,./embeddings-bert/909.java.pth,n,n,nlogn,nlogn
32,1131.java,1,./embeddings-codebert/1131.java.pth,./embeddings-bert/1131.java.pth,1,n,1,1
232,281.java,n,./embeddings-codebert/281.java.pth,./embeddings-bert/281.java.pth,n,n,n,n
269,378.java,n,./embeddings-codebert/378.java.pth,./embeddings-bert/378.java.pth,n,n,n,n
600,128.java,n_square,./embeddings-codebert/128.java.pth,./embeddings-bert/128.java.pth,n_square,n,n_square,n_square
524,898.java,n,./embeddings-codebert/898.java.pth,./embeddings-bert/898.java.pth,n,n,n,n
113,718.java,1,./embeddings-codebert/718.java.pth,./embeddings-bert/718.java.pth,n,n,1,1
863,682.java,nlogn,./embeddings-codebert/682.java.pth,./embeddings-bert/682.java.pth,nlogn,n,nlogn,nlogn
571,137.java,n,./embeddings-codebert/137.java.pth,./embeddings-bert/137.java.pth,n,n,n,n
102,602.java,1,./embeddings-codebert/602.java.pth,./embeddings-bert/602.java.pth,1,1,1,1
138,925.java,1,./embeddings-codebert/925.java.pth,./embeddings-bert/925.java.pth,n,n,1,1
741,807.java,n_square,./embeddings-codebert/807.java.pth,./embeddings-bert/807.java.pth,n,n,n_square,n_square
431,683.java,n,./embeddings-codebert/683.java.pth,./embeddings-bert/683.java.pth,n,n,n,n
12,1111.java,1,./embeddings-codebert/1111.java.pth,./embeddings-bert/1111.java.pth,n,n,1,1
829,503.java,nlogn,./embeddings-codebert/503.java.pth,./embeddings-bert/503.java.pth,n,n,nlogn,nlogn
261,358.java,n,./embeddings-codebert/358.java.pth,./embeddings-bert/358.java.pth,n,n,n,n
563,98.java,n,./embeddings-codebert/98.java.pth,./embeddings-bert/98.java.pth,n,n,n,n
83,1201.java,1,./embeddings-codebert/1201.java.pth,./embeddings-bert/1201.java.pth,n,n,1,1
622,258.java,n_square,./embeddings-codebert/258.java.pth,./embeddings-bert/258.java.pth,n,n,n_square,n_square
14,1113.java,1,./embeddings-codebert/1113.java.pth,./embeddings-bert/1113.java.pth,n,n,1,1
434,69.java,n,./embeddings-codebert/69.java.pth,./embeddings-bert/69.java.pth,n,n,n,n
647,325.java,n_square,./embeddings-codebert/325.java.pth,./embeddings-bert/325.java.pth,n_square,n,n_square,n_square
882,808.java,nlogn,./embeddings-codebert/808.java.pth,./embeddings-bert/808.java.pth,n,n,nlogn,nlogn
410,65.java,n,./embeddings-codebert/65.java.pth,./embeddings-bert/65.java.pth,n,n,n,n
443,712.java,n,./embeddings-codebert/712.java.pth,./embeddings-bert/712.java.pth,n,n,n,n
130,835.java,1,./embeddings-codebert/835.java.pth,./embeddings-bert/835.java.pth,1,1,1,1
650,335.java,n_square,./embeddings-codebert/335.java.pth,./embeddings-bert/335.java.pth,n_square,n_square,n_square,n_square
145,1158.java,logn,./embeddings-codebert/1158.java.pth,./embeddings-bert/1158.java.pth,n,n,logn,logn
306,428.java,n,./embeddings-codebert/428.java.pth,./embeddings-bert/428.java.pth,n,n,n,n
135,889.java,1,./embeddings-codebert/889.java.pth,./embeddings-bert/889.java.pth,n,n,1,1
183,527.java,logn,./embeddings-codebert/527.java.pth,./embeddings-bert/527.java.pth,logn,n,logn,logn
394,604.java,n,./embeddings-codebert/604.java.pth,./embeddings-bert/604.java.pth,n,n,n,n
901,884.java,nlogn,./embeddings-codebert/884.java.pth,./embeddings-bert/884.java.pth,n,n,nlogn,nlogn
767,94.java,n_square,./embeddings-codebert/94.java.pth,./embeddings-bert/94.java.pth,n_square,n_square,n_square,n_square
280,391.java,n,./embeddings-codebert/391.java.pth,./embeddings-bert/391.java.pth,n,n,n,n
215,1026.java,n,./embeddings-codebert/1026.java.pth,./embeddings-bert/1026.java.pth,n,n,n,n
278,39.java,n,./embeddings-codebert/39.java.pth,./embeddings-bert/39.java.pth,n,n,n,n
515,881.java,n,./embeddings-codebert/881.java.pth,./embeddings-bert/881.java.pth,n,n,n,n
834,525.java,nlogn,./embeddings-codebert/525.java.pth,./embeddings-bert/525.java.pth,n,n,nlogn,nlogn
819,483.java,nlogn,./embeddings-codebert/483.java.pth,./embeddings-bert/483.java.pth,n,n,nlogn,nlogn
635,303.java,n_square,./embeddings-codebert/303.java.pth,./embeddings-bert/303.java.pth,n_square,n_square,n_square,n_square
103,615.java,1,./embeddings-codebert/615.java.pth,./embeddings-bert/615.java.pth,n,n,1,1
481,798.java,n,./embeddings-codebert/798.java.pth,./embeddings-bert/798.java.pth,n,n,n,n
252,349.java,n,./embeddings-codebert/349.java.pth,./embeddings-bert/349.java.pth,n,n,n,n
558,974.java,n,./embeddings-codebert/974.java.pth,./embeddings-bert/974.java.pth,n,n,n,n
696,592.java,n_square,./embeddings-codebert/592.java.pth,./embeddings-bert/592.java.pth,n,n,n_square,n_square
111,647.java,1,./embeddings-codebert/647.java.pth,./embeddings-bert/647.java.pth,n,n,1,1
872,749.java,nlogn,./embeddings-codebert/749.java.pth,./embeddings-bert/749.java.pth,n,n,nlogn,nlogn
628,285.java,n_square,./embeddings-codebert/285.java.pth,./embeddings-bert/285.java.pth,n_square,n_square,n_square,n_square
492,824.java,n,./embeddings-codebert/824.java.pth,./embeddings-bert/824.java.pth,n,n,n,n
740,790.java,n_square,./embeddings-codebert/790.java.pth,./embeddings-bert/790.java.pth,n,n,n_square,n_square
79,1197.java,1,./embeddings-codebert/1197.java.pth,./embeddings-bert/1197.java.pth,1,1,1,1
868,707.java,nlogn,./embeddings-codebert/707.java.pth,./embeddings-bert/707.java.pth,n,n,nlogn,nlogn
353,531.java,n,./embeddings-codebert/531.java.pth,./embeddings-bert/531.java.pth,n,n,n,n
450,735.java,n,./embeddings-codebert/735.java.pth,./embeddings-bert/735.java.pth,n,n,n,n
754,852.java,n_square,./embeddings-codebert/852.java.pth,./embeddings-bert/852.java.pth,n,n,n_square,n_square
502,85.java,n,./embeddings-codebert/85.java.pth,./embeddings-bert/85.java.pth,n,n,n,n
118,766.java,1,./embeddings-codebert/766.java.pth,./embeddings-bert/766.java.pth,1,1,1,1
469,773.java,n,./embeddings-codebert/773.java.pth,./embeddings-bert/773.java.pth,n,n,n,n
664,371.java,n_square,./embeddings-codebert/371.java.pth,./embeddings-bert/371.java.pth,n_square,n,n_square,n_square
461,758.java,n,./embeddings-codebert/758.java.pth,./embeddings-bert/758.java.pth,n,n,n,n
159,1500.java,logn,./embeddings-codebert/1500.java.pth,./embeddings-bert/1500.java.pth,n,n,logn,logn
722,701.java,n_square,./embeddings-codebert/701.java.pth,./embeddings-bert/701.java.pth,n_square,n,n_square,n_square
877,784.java,nlogn,./embeddings-codebert/784.java.pth,./embeddings-bert/784.java.pth,n,n,nlogn,nlogn
448,721.java,n,./embeddings-codebert/721.java.pth,./embeddings-bert/721.java.pth,n,n,n,n
161,1502.java,logn,./embeddings-codebert/1502.java.pth,./embeddings-bert/1502.java.pth,n,n,logn,logn
327,449.java,n,./embeddings-codebert/449.java.pth,./embeddings-bert/449.java.pth,n,n,n,n
254,350.java,n,./embeddings-codebert/350.java.pth,./embeddings-bert/350.java.pth,n,n,n,n
555,971.java,n,./embeddings-codebert/971.java.pth,./embeddings-bert/971.java.pth,n,n,n,n
428,675.java,n,./embeddings-codebert/675.java.pth,./embeddings-bert/675.java.pth,n,n,n,n
883,810.java,nlogn,./embeddings-codebert/810.java.pth,./embeddings-bert/810.java.pth,n,n,nlogn,nlogn
702,61.java,n_square,./embeddings-codebert/61.java.pth,./embeddings-bert/61.java.pth,n_square,n,n_square,n_square
388,591.java,n,./embeddings-codebert/591.java.pth,./embeddings-bert/591.java.pth,n,n,n,n
15,1114.java,1,./embeddings-codebert/1114.java.pth,./embeddings-bert/1114.java.pth,n,n,1,1
742,811.java,n_square,./embeddings-codebert/811.java.pth,./embeddings-bert/811.java.pth,n_square,n,n_square,n_square
1,1100.java,1,./embeddings-codebert/1100.java.pth,./embeddings-bert/1100.java.pth,n,n,1,1
685,497.java,n_square,./embeddings-codebert/497.java.pth,./embeddings-bert/497.java.pth,n,n,n_square,n_square
40,1139.java,1,./embeddings-codebert/1139.java.pth,./embeddings-bert/1139.java.pth,n,n,1,1
112,648.java,1,./embeddings-codebert/648.java.pth,./embeddings-bert/648.java.pth,n,n,1,1
817,480.java,nlogn,./embeddings-codebert/480.java.pth,./embeddings-bert/480.java.pth,n,n,nlogn,nlogn
689,560.java,n_square,./embeddings-codebert/560.java.pth,./embeddings-bert/560.java.pth,n,n,n_square,n_square
73,1191.java,1,./embeddings-codebert/1191.java.pth,./embeddings-bert/1191.java.pth,n,n,1,1
619,252.java,n_square,./embeddings-codebert/252.java.pth,./embeddings-bert/252.java.pth,n_square,n,n_square,n_square
699,598.java,n_square,./embeddings-codebert/598.java.pth,./embeddings-bert/598.java.pth,n_square,n,n_square,n_square
610,186.java,n_square,./embeddings-codebert/186.java.pth,./embeddings-bert/186.java.pth,n,n,n_square,n_square
121,781.java,1,./embeddings-codebert/781.java.pth,./embeddings-bert/781.java.pth,n,n,1,1
54,1153.java,1,./embeddings-codebert/1153.java.pth,./embeddings-bert/1153.java.pth,n,n,1,1
247,33.java,n,./embeddings-codebert/33.java.pth,./embeddings-bert/33.java.pth,n,n,n,n
736,759.java,n_square,./embeddings-codebert/759.java.pth,./embeddings-bert/759.java.pth,n_square,n,n_square,n_square
326,447.java,n,./embeddings-codebert/447.java.pth,./embeddings-bert/447.java.pth,n,n,n,n
190,543.java,logn,./embeddings-codebert/543.java.pth,./embeddings-bert/543.java.pth,n,n,logn,logn
180,516.java,logn,./embeddings-codebert/516.java.pth,./embeddings-bert/516.java.pth,n,n,logn,logn
423,669.java,n,./embeddings-codebert/669.java.pth,./embeddings-bert/669.java.pth,n,n,n,n
546,948.java,n,./embeddings-codebert/948.java.pth,./embeddings-bert/948.java.pth,n,n,n,n
798,174.java,nlogn,./embeddings-codebert/174.java.pth,./embeddings-bert/174.java.pth,n,n,nlogn,nlogn
679,465.java,n_square,./embeddings-codebert/465.java.pth,./embeddings-bert/465.java.pth,n,n,n_square,n_square
759,905.java,n_square,./embeddings-codebert/905.java.pth,./embeddings-bert/905.java.pth,n,n,n_square,n_square
825,498.java,nlogn,./embeddings-codebert/498.java.pth,./embeddings-bert/498.java.pth,n,n,nlogn,nlogn
815,477.java,nlogn,./embeddings-codebert/477.java.pth,./embeddings-bert/477.java.pth,n,n,nlogn,nlogn
613,227.java,n_square,./embeddings-codebert/227.java.pth,./embeddings-bert/227.java.pth,n,n,n_square,n_square
731,732.java,n_square,./embeddings-codebert/732.java.pth,./embeddings-bert/732.java.pth,n,n,n_square,n_square
266,37.java,n,./embeddings-codebert/37.java.pth,./embeddings-bert/37.java.pth,n,n,n,n
377,57.java,n,./embeddings-codebert/57.java.pth,./embeddings-bert/57.java.pth,n,n,n,n
466,770.java,n,./embeddings-codebert/770.java.pth,./embeddings-bert/770.java.pth,n,n,n,n
257,353.java,n,./embeddings-codebert/353.java.pth,./embeddings-bert/353.java.pth,n,n,n,n
716,688.java,n_square,./embeddings-codebert/688.java.pth,./embeddings-bert/688.java.pth,n,n,n_square,n_square
500,846.java,n,./embeddings-codebert/846.java.pth,./embeddings-bert/846.java.pth,n,n,n,n
476,789.java,n,./embeddings-codebert/789.java.pth,./embeddings-bert/789.java.pth,n,n,n,n
171,1512.java,logn,./embeddings-codebert/1512.java.pth,./embeddings-bert/1512.java.pth,n,n,logn,logn
416,659.java,n,./embeddings-codebert/659.java.pth,./embeddings-bert/659.java.pth,n,n,n,n
382,580.java,n,./embeddings-codebert/580.java.pth,./embeddings-bert/580.java.pth,n,n,n,n
733,74.java,n_square,./embeddings-codebert/74.java.pth,./embeddings-bert/74.java.pth,n_square,n_square,n_square,n_square
621,257.java,n_square,./embeddings-codebert/257.java.pth,./embeddings-bert/257.java.pth,n,n,n_square,n_square
398,621.java,n,./embeddings-codebert/621.java.pth,./embeddings-bert/621.java.pth,n,n,n,n
669,384.java,n_square,./embeddings-codebert/384.java.pth,./embeddings-bert/384.java.pth,n,n,n_square,n_square
528,902.java,n,./embeddings-codebert/902.java.pth,./embeddings-bert/902.java.pth,n,n,n,n
176,22.java,logn,./embeddings-codebert/22.java.pth,./embeddings-bert/22.java.pth,n,n,logn,logn
178,512.java,logn,./embeddings-codebert/512.java.pth,./embeddings-bert/512.java.pth,n,n,logn,logn
51,1150.java,1,./embeddings-codebert/1150.java.pth,./embeddings-bert/1150.java.pth,n,1,1,1
866,691.java,nlogn,./embeddings-codebert/691.java.pth,./embeddings-bert/691.java.pth,n,n,nlogn,nlogn
289,406.java,n,./embeddings-codebert/406.java.pth,./embeddings-bert/406.java.pth,n,n,n,n
488,806.java,n,./embeddings-codebert/806.java.pth,./embeddings-bert/806.java.pth,n,n,n,n
351,526.java,n,./embeddings-codebert/526.java.pth,./embeddings-bert/526.java.pth,n,n,n,n
76,1194.java,1,./embeddings-codebert/1194.java.pth,./embeddings-bert/1194.java.pth,n,n,1,1
631,293.java,n_square,./embeddings-codebert/293.java.pth,./embeddings-bert/293.java.pth,n_square,n,n_square,n_square
356,535.java,n,./embeddings-codebert/535.java.pth,./embeddings-bert/535.java.pth,n,n,n,n
541,941.java,n,./embeddings-codebert/941.java.pth,./embeddings-bert/941.java.pth,n,n,n,n
496,829.java,n,./embeddings-codebert/829.java.pth,./embeddings-bert/829.java.pth,n,n,n,n
579,34.java,n,./embeddings-codebert/34.java.pth,./embeddings-bert/34.java.pth,n,n,n,n
493,825.java,n,./embeddings-codebert/825.java.pth,./embeddings-bert/825.java.pth,n,n,n,n
859,664.java,nlogn,./embeddings-codebert/664.java.pth,./embeddings-bert/664.java.pth,n,n,nlogn,nlogn
594,104.java,n_square,./embeddings-codebert/104.java.pth,./embeddings-bert/104.java.pth,n,n,n_square,n_square
525,9.java,n,./embeddings-codebert/9.java.pth,./embeddings-bert/9.java.pth,n,n,n,n
433,687.java,n,./embeddings-codebert/687.java.pth,./embeddings-bert/687.java.pth,n,n,n,n
390,594.java,n,./embeddings-codebert/594.java.pth,./embeddings-bert/594.java.pth,n,n,n,n
90,1208.java,1,./embeddings-codebert/1208.java.pth,./embeddings-bert/1208.java.pth,n,n,1,1
606,149.java,n_square,./embeddings-codebert/149.java.pth,./embeddings-bert/149.java.pth,n_square,n_square,n_square,n_square
387,590.java,n,./embeddings-codebert/590.java.pth,./embeddings-bert/590.java.pth,n,n,n,n
608,171.java,n_square,./embeddings-codebert/171.java.pth,./embeddings-bert/171.java.pth,n_square,n,n_square,n_square
644,322.java,n_square,./embeddings-codebert/322.java.pth,./embeddings-bert/322.java.pth,n_square,n,n_square,n_square
569,114.java,n,./embeddings-codebert/114.java.pth,./embeddings-bert/114.java.pth,n,n,n,n
684,490.java,n_square,./embeddings-codebert/490.java.pth,./embeddings-bert/490.java.pth,n,n,n_square,n_square
411,650.java,n,./embeddings-codebert/650.java.pth,./embeddings-bert/650.java.pth,n,n,n,n
168,1509.java,logn,./embeddings-codebert/1509.java.pth,./embeddings-bert/1509.java.pth,n,n,logn,logn
409,642.java,n,./embeddings-codebert/642.java.pth,./embeddings-bert/642.java.pth,n,n,n,n
288,405.java,n,./embeddings-codebert/405.java.pth,./embeddings-bert/405.java.pth,n,n,n,n
413,654.java,n,./embeddings-codebert/654.java.pth,./embeddings-bert/654.java.pth,n,n,n,n
787,1030.java,nlogn,./embeddings-codebert/1030.java.pth,./embeddings-bert/1030.java.pth,n,n,nlogn,nlogn
195,927.java,logn,./embeddings-codebert/927.java.pth,./embeddings-bert/927.java.pth,n,n,logn,logn
509,864.java,n,./embeddings-codebert/864.java.pth,./embeddings-bert/864.java.pth,n,n,n,n
470,774.java,n,./embeddings-codebert/774.java.pth,./embeddings-bert/774.java.pth,n,n,n,n
788,1031.java,nlogn,./embeddings-codebert/1031.java.pth,./embeddings-bert/1031.java.pth,n,n,nlogn,nlogn
22,1121.java,1,./embeddings-codebert/1121.java.pth,./embeddings-bert/1121.java.pth,n,n,1,1
662,369.java,n_square,./embeddings-codebert/369.java.pth,./embeddings-bert/369.java.pth,n_square,n,n_square,n_square
682,488.java,n_square,./embeddings-codebert/488.java.pth,./embeddings-bert/488.java.pth,n_square,n_square,n_square,n_square
467,771.java,n,./embeddings-codebert/771.java.pth,./embeddings-bert/771.java.pth,n,n,n,n
784,1019.java,nlogn,./embeddings-codebert/1019.java.pth,./embeddings-bert/1019.java.pth,n,n,nlogn,nlogn
165,1506.java,logn,./embeddings-codebert/1506.java.pth,./embeddings-bert/1506.java.pth,n,n,logn,logn
544,946.java,n,./embeddings-codebert/946.java.pth,./embeddings-bert/946.java.pth,n,n,n,n
602,140.java,n_square,./embeddings-codebert/140.java.pth,./embeddings-bert/140.java.pth,n,n,n_square,n_square
823,491.java,nlogn,./embeddings-codebert/491.java.pth,./embeddings-bert/491.java.pth,n,n,nlogn,nlogn
749,831.java,n_square,./embeddings-codebert/831.java.pth,./embeddings-bert/831.java.pth,n,n,n_square,n_square
99,492.java,1,./embeddings-codebert/492.java.pth,./embeddings-bert/492.java.pth,n,n,1,1
38,1137.java,1,./embeddings-codebert/1137.java.pth,./embeddings-bert/1137.java.pth,n,n,1,1
540,940.java,n,./embeddings-codebert/940.java.pth,./embeddings-bert/940.java.pth,n,n,n,n
780,31.java,n_square,./embeddings-codebert/31.java.pth,./embeddings-bert/31.java.pth,n,n,n_square,n_square
305,426.java,n,./embeddings-codebert/426.java.pth,./embeddings-bert/426.java.pth,n,n,n,n
240,300.java,n,./embeddings-codebert/300.java.pth,./embeddings-bert/300.java.pth,n,n,n,n
191,56.java,logn,./embeddings-codebert/56.java.pth,./embeddings-bert/56.java.pth,n,n,logn,logn
850,612.java,nlogn,./embeddings-codebert/612.java.pth,./embeddings-bert/612.java.pth,n,n,nlogn,nlogn
567,998.java,n,./embeddings-codebert/998.java.pth,./embeddings-bert/998.java.pth,n,n,n,n
510,867.java,n,./embeddings-codebert/867.java.pth,./embeddings-bert/867.java.pth,n,n,n,n
813,475.java,nlogn,./embeddings-codebert/475.java.pth,./embeddings-bert/475.java.pth,n,n,nlogn,nlogn
274,385.java,n,./embeddings-codebert/385.java.pth,./embeddings-bert/385.java.pth,n,n,n,n
147,1160.java,logn,./embeddings-codebert/1160.java.pth,./embeddings-bert/1160.java.pth,n,n,logn,logn
216,1027.java,n,./embeddings-codebert/1027.java.pth,./embeddings-bert/1027.java.pth,n,n,n,n
177,5.java,logn,./embeddings-codebert/5.java.pth,./embeddings-bert/5.java.pth,n,n,logn,logn
449,728.java,n,./embeddings-codebert/728.java.pth,./embeddings-bert/728.java.pth,n,n,n,n
535,926.java,n,./embeddings-codebert/926.java.pth,./embeddings-bert/926.java.pth,n,n,n,n
392,6.java,n,./embeddings-codebert/6.java.pth,./embeddings-bert/6.java.pth,n,n,n,n
295,413.java,n,./embeddings-codebert/413.java.pth,./embeddings-bert/413.java.pth,n,n,n,n
705,624.java,n_square,./embeddings-codebert/624.java.pth,./embeddings-bert/624.java.pth,n,n,n_square,n_square
64,1182.java,1,./embeddings-codebert/1182.java.pth,./embeddings-bert/1182.java.pth,1,1,1,1
193,783.java,logn,./embeddings-codebert/783.java.pth,./embeddings-bert/783.java.pth,n,n,logn,logn
771,987.java,n_square,./embeddings-codebert/987.java.pth,./embeddings-bert/987.java.pth,n,n,n_square,n_square
777,993.java,n_square,./embeddings-codebert/993.java.pth,./embeddings-bert/993.java.pth,n,n,n_square,n_square
55,1154.java,1,./embeddings-codebert/1154.java.pth,./embeddings-bert/1154.java.pth,1,n,1,1
140,995.java,1,./embeddings-codebert/995.java.pth,./embeddings-bert/995.java.pth,n,n,1,1
483,8.java,n,./embeddings-codebert/8.java.pth,./embeddings-bert/8.java.pth,n,n,n,n
201,1004.java,n,./embeddings-codebert/1004.java.pth,./embeddings-bert/1004.java.pth,n,n,n,n
31,1130.java,1,./embeddings-codebert/1130.java.pth,./embeddings-bert/1130.java.pth,n,n,1,1
562,979.java,n,./embeddings-codebert/979.java.pth,./embeddings-bert/979.java.pth,n,n,n,n
597,117.java,n_square,./embeddings-codebert/117.java.pth,./embeddings-bert/117.java.pth,n_square,n,n_square,n_square
846,605.java,nlogn,./embeddings-codebert/605.java.pth,./embeddings-bert/605.java.pth,n,n,nlogn,nlogn
236,287.java,n,./embeddings-codebert/287.java.pth,./embeddings-bert/287.java.pth,n,n,n,n
814,476.java,nlogn,./embeddings-codebert/476.java.pth,./embeddings-bert/476.java.pth,n,n,nlogn,nlogn
250,334.java,n,./embeddings-codebert/334.java.pth,./embeddings-bert/334.java.pth,n,n,n,n
824,493.java,nlogn,./embeddings-codebert/493.java.pth,./embeddings-bert/493.java.pth,n,n,nlogn,nlogn
720,7.java,n_square,./embeddings-codebert/7.java.pth,./embeddings-bert/7.java.pth,n_square,n,n_square,n_square
422,668.java,n,./embeddings-codebert/668.java.pth,./embeddings-bert/668.java.pth,n,n,n,n
451,736.java,n,./embeddings-codebert/736.java.pth,./embeddings-bert/736.java.pth,n,n,n,n
335,461.java,n,./embeddings-codebert/461.java.pth,./embeddings-bert/461.java.pth,n,n,n,n
59,1175.java,1,./embeddings-codebert/1175.java.pth,./embeddings-bert/1175.java.pth,n,n,1,1
776,992.java,n_square,./embeddings-codebert/992.java.pth,./embeddings-bert/992.java.pth,n,n,n_square,n_square
403,637.java,n,./embeddings-codebert/637.java.pth,./embeddings-bert/637.java.pth,n,n,n,n
858,663.java,nlogn,./embeddings-codebert/663.java.pth,./embeddings-bert/663.java.pth,n,n,nlogn,nlogn
426,671.java,n,./embeddings-codebert/671.java.pth,./embeddings-bert/671.java.pth,n,n,n,n
522,893.java,n,./embeddings-codebert/893.java.pth,./embeddings-bert/893.java.pth,n,n,n,n
395,617.java,n,./embeddings-codebert/617.java.pth,./embeddings-bert/617.java.pth,n,n,n,n
107,643.java,1,./embeddings-codebert/643.java.pth,./embeddings-bert/643.java.pth,n,n,1,1
678,423.java,n_square,./embeddings-codebert/423.java.pth,./embeddings-bert/423.java.pth,n,n,n_square,n_square
321,441.java,n,./embeddings-codebert/441.java.pth,./embeddings-bert/441.java.pth,n,n,n,n
125,804.java,1,./embeddings-codebert/804.java.pth,./embeddings-bert/804.java.pth,1,1,1,1
928,964.java,nlogn,./embeddings-codebert/964.java.pth,./embeddings-bert/964.java.pth,n,n,nlogn,nlogn
340,481.java,n,./embeddings-codebert/481.java.pth,./embeddings-bert/481.java.pth,n,n,n,n
133,868.java,1,./embeddings-codebert/868.java.pth,./embeddings-bert/868.java.pth,1,n,1,1
373,559.java,n,./embeddings-codebert/559.java.pth,./embeddings-bert/559.java.pth,n,n,n,n
30,1129.java,1,./embeddings-codebert/1129.java.pth,./embeddings-bert/1129.java.pth,n,n,1,1
132,858.java,1,./embeddings-codebert/858.java.pth,./embeddings-bert/858.java.pth,1,1,1,1
843,58.java,nlogn,./embeddings-codebert/58.java.pth,./embeddings-bert/58.java.pth,n,n,nlogn,nlogn
317,438.java,n,./embeddings-codebert/438.java.pth,./embeddings-bert/438.java.pth,n,n,n,n
578,312.java,n,./embeddings-codebert/312.java.pth,./embeddings-bert/312.java.pth,n,n,n,n
21,1120.java,1,./embeddings-codebert/1120.java.pth,./embeddings-bert/1120.java.pth,n,n,1,1
303,424.java,n,./embeddings-codebert/424.java.pth,./embeddings-bert/424.java.pth,n,n,n,n
282,394.java,n,./embeddings-codebert/394.java.pth,./embeddings-bert/394.java.pth,n,n,n,n
691,576.java,n_square,./embeddings-codebert/576.java.pth,./embeddings-bert/576.java.pth,n_square,n,n_square,n_square
233,282.java,n,./embeddings-codebert/282.java.pth,./embeddings-bert/282.java.pth,n,n,n,n
371,557.java,n,./embeddings-codebert/557.java.pth,./embeddings-bert/557.java.pth,n,n,n,n
202,1005.java,n,./embeddings-codebert/1005.java.pth,./embeddings-bert/1005.java.pth,n,n,n,n
533,918.java,n,./embeddings-codebert/918.java.pth,./embeddings-bert/918.java.pth,n,n,n,n
661,368.java,n_square,./embeddings-codebert/368.java.pth,./embeddings-bert/368.java.pth,n_square,n_square,n_square,n_square
298,417.java,n,./embeddings-codebert/417.java.pth,./embeddings-bert/417.java.pth,n,n,n,n
72,1190.java,1,./embeddings-codebert/1190.java.pth,./embeddings-bert/1190.java.pth,n,n,1,1
560,977.java,n,./embeddings-codebert/977.java.pth,./embeddings-bert/977.java.pth,n,n,n,n
598,120.java,n_square,./embeddings-codebert/120.java.pth,./embeddings-bert/120.java.pth,n_square,n,n_square,n_square
707,628.java,n_square,./embeddings-codebert/628.java.pth,./embeddings-bert/628.java.pth,n_square,n,n_square,n_square
857,661.java,nlogn,./embeddings-codebert/661.java.pth,./embeddings-bert/661.java.pth,nlogn,n,nlogn,nlogn
0,1001.java,1,./embeddings-codebert/1001.java.pth,./embeddings-bert/1001.java.pth,1,1,1,1
580,49.java,n,./embeddings-codebert/49.java.pth,./embeddings-bert/49.java.pth,n,n,n,n
548,952.java,n,./embeddings-codebert/952.java.pth,./embeddings-bert/952.java.pth,n,n,n,n
867,70.java,nlogn,./embeddings-codebert/70.java.pth,./embeddings-bert/70.java.pth,n,n,nlogn,nlogn
809,460.java,nlogn,./embeddings-codebert/460.java.pth,./embeddings-bert/460.java.pth,n,n,nlogn,nlogn
58,1173.java,1,./embeddings-codebert/1173.java.pth,./embeddings-bert/1173.java.pth,1,1,1,1
889,838.java,nlogn,./embeddings-codebert/838.java.pth,./embeddings-bert/838.java.pth,n,n,nlogn,nlogn
926,960.java,nlogn,./embeddings-codebert/960.java.pth,./embeddings-bert/960.java.pth,nlogn,n,nlogn,nlogn
526,90.java,n,./embeddings-codebert/90.java.pth,./embeddings-bert/90.java.pth,n,n,n,n
207,101.java,n,./embeddings-codebert/101.java.pth,./embeddings-bert/101.java.pth,n,n,n,n
425,670.java,n,./embeddings-codebert/670.java.pth,./embeddings-bert/670.java.pth,n,n,n,n
497,836.java,n,./embeddings-codebert/836.java.pth,./embeddings-bert/836.java.pth,n,n,n,n
752,840.java,n_square,./embeddings-codebert/840.java.pth,./embeddings-bert/840.java.pth,n_square,n,n_square,n_square
915,93.java,nlogn,./embeddings-codebert/93.java.pth,./embeddings-bert/93.java.pth,n,n,nlogn,nlogn
217,1028.java,n,./embeddings-codebert/1028.java.pth,./embeddings-bert/1028.java.pth,n,n,n,n
516,883.java,n,./embeddings-codebert/883.java.pth,./embeddings-bert/883.java.pth,n,n,n,n
97,172.java,1,./embeddings-codebert/172.java.pth,./embeddings-bert/172.java.pth,n,n,1,1
756,865.java,n_square,./embeddings-codebert/865.java.pth,./embeddings-bert/865.java.pth,n,n,n_square,n_square
312,433.java,n,./embeddings-codebert/433.java.pth,./embeddings-bert/433.java.pth,n,n,n,n
561,978.java,n,./embeddings-codebert/978.java.pth,./embeddings-bert/978.java.pth,n,n,n,n
902,888.java,nlogn,./embeddings-codebert/888.java.pth,./embeddings-bert/888.java.pth,n,n,nlogn,nlogn
208,1010.java,n,./embeddings-codebert/1010.java.pth,./embeddings-bert/1010.java.pth,n,n,n,n
393,603.java,n,./embeddings-codebert/603.java.pth,./embeddings-bert/603.java.pth,n,n,n,n
119,775.java,1,./embeddings-codebert/775.java.pth,./embeddings-bert/775.java.pth,n,n,1,1
149,1162.java,logn,./embeddings-codebert/1162.java.pth,./embeddings-bert/1162.java.pth,n,n,logn,logn
330,452.java,n,./embeddings-codebert/452.java.pth,./embeddings-bert/452.java.pth,n,n,n,n
616,249.java,n_square,./embeddings-codebert/249.java.pth,./embeddings-bert/249.java.pth,n,n,n_square,n_square
686,522.java,n_square,./embeddings-codebert/522.java.pth,./embeddings-bert/522.java.pth,n_square,n_square,n_square,n_square
827,501.java,nlogn,./embeddings-codebert/501.java.pth,./embeddings-bert/501.java.pth,n,n,nlogn,nlogn
421,667.java,n,./embeddings-codebert/667.java.pth,./embeddings-bert/667.java.pth,n,n,n,n
609,18.java,n_square,./embeddings-codebert/18.java.pth,./embeddings-bert/18.java.pth,n_square,n,n_square,n_square
417,66.java,n,./embeddings-codebert/66.java.pth,./embeddings-bert/66.java.pth,n,n,n,n
45,1144.java,1,./embeddings-codebert/1144.java.pth,./embeddings-bert/1144.java.pth,n,n,1,1
871,744.java,nlogn,./embeddings-codebert/744.java.pth,./embeddings-bert/744.java.pth,n,n,nlogn,nlogn
324,445.java,n,./embeddings-codebert/445.java.pth,./embeddings-bert/445.java.pth,n,n,n,n
300,419.java,n,./embeddings-codebert/419.java.pth,./embeddings-bert/419.java.pth,n,n,n,n
304,425.java,n,./embeddings-codebert/425.java.pth,./embeddings-bert/425.java.pth,n,n,n,n
690,565.java,n_square,./embeddings-codebert/565.java.pth,./embeddings-bert/565.java.pth,n,n,n_square,n_square
338,470.java,n,./embeddings-codebert/470.java.pth,./embeddings-bert/470.java.pth,n,n,n,n
886,819.java,nlogn,./embeddings-codebert/819.java.pth,./embeddings-bert/819.java.pth,n,n,nlogn,nlogn
792,108.java,nlogn,./embeddings-codebert/108.java.pth,./embeddings-bert/108.java.pth,n,n,nlogn,nlogn
198,1000.java,n,./embeddings-codebert/1000.java.pth,./embeddings-bert/1000.java.pth,n,n,n,n
552,969.java,n,./embeddings-codebert/969.java.pth,./embeddings-bert/969.java.pth,n,n,n,n
549,963.java,n,./embeddings-codebert/963.java.pth,./embeddings-bert/963.java.pth,n,n,n,n
570,130.java,n,./embeddings-codebert/130.java.pth,./embeddings-bert/130.java.pth,n,n,n,n
468,772.java,n,./embeddings-codebert/772.java.pth,./embeddings-bert/772.java.pth,n,n,n,n
169,1510.java,logn,./embeddings-codebert/1510.java.pth,./embeddings-bert/1510.java.pth,n,n,logn,logn
346,508.java,n,./embeddings-codebert/508.java.pth,./embeddings-bert/508.java.pth,n,n,n,n
81,1199.java,1,./embeddings-codebert/1199.java.pth,./embeddings-bert/1199.java.pth,1,1,1,1
677,421.java,n_square,./embeddings-codebert/421.java.pth,./embeddings-bert/421.java.pth,n,n,n_square,n_square
646,324.java,n_square,./embeddings-codebert/324.java.pth,./embeddings-bert/324.java.pth,n_square,n_square,n_square,n_square
913,920.java,nlogn,./embeddings-codebert/920.java.pth,./embeddings-bert/920.java.pth,n,n,nlogn,nlogn
374,563.java,n,./embeddings-codebert/563.java.pth,./embeddings-bert/563.java.pth,n,n,n,n
478,793.java,n,./embeddings-codebert/793.java.pth,./embeddings-bert/793.java.pth,n,n,n,n
504,854.java,n,./embeddings-codebert/854.java.pth,./embeddings-bert/854.java.pth,n,n,n,n
914,924.java,nlogn,./embeddings-codebert/924.java.pth,./embeddings-bert/924.java.pth,n,n,nlogn,nlogn
626,274.java,n_square,./embeddings-codebert/274.java.pth,./embeddings-bert/274.java.pth,n_square,n,n_square,n_square
762,911.java,n_square,./embeddings-codebert/911.java.pth,./embeddings-bert/911.java.pth,n,n,n_square,n_square
230,28.java,n,./embeddings-codebert/28.java.pth,./embeddings-bert/28.java.pth,n,n,n,n
660,367.java,n_square,./embeddings-codebert/367.java.pth,./embeddings-bert/367.java.pth,n_square,n,n_square,n_square
194,794.java,logn,./embeddings-codebert/794.java.pth,./embeddings-bert/794.java.pth,logn,logn,logn,logn
658,363.java,n_square,./embeddings-codebert/363.java.pth,./embeddings-bert/363.java.pth,n,n,n_square,n_square
779,294.java,n_square,./embeddings-codebert/294.java.pth,./embeddings-bert/294.java.pth,n,n,n_square,n_square
618,251.java,n_square,./embeddings-codebert/251.java.pth,./embeddings-bert/251.java.pth,n,n,n_square,n_square
380,574.java,n,./embeddings-codebert/574.java.pth,./embeddings-bert/574.java.pth,n,n,n,n
543,944.java,n,./embeddings-codebert/944.java.pth,./embeddings-bert/944.java.pth,n,n,n,n
62,1180.java,1,./embeddings-codebert/1180.java.pth,./embeddings-bert/1180.java.pth,n,n,1,1
187,538.java,logn,./embeddings-codebert/538.java.pth,./embeddings-bert/538.java.pth,logn,n,logn,logn
256,352.java,n,./embeddings-codebert/352.java.pth,./embeddings-bert/352.java.pth,n,n,n,n
123,791.java,1,./embeddings-codebert/791.java.pth,./embeddings-bert/791.java.pth,1,1,1,1
359,541.java,n,./embeddings-codebert/541.java.pth,./embeddings-bert/541.java.pth,n,n,n,n
86,1204.java,1,./embeddings-codebert/1204.java.pth,./embeddings-bert/1204.java.pth,1,1,1,1
765,928.java,n_square,./embeddings-codebert/928.java.pth,./embeddings-bert/928.java.pth,n,n,n_square,n_square
574,259.java,n,./embeddings-codebert/259.java.pth,./embeddings-bert/259.java.pth,n,n,n,n
319,44.java,n,./embeddings-codebert/44.java.pth,./embeddings-bert/44.java.pth,n,n,n,n
386,59.java,n,./embeddings-codebert/59.java.pth,./embeddings-bert/59.java.pth,n,n,n,n
206,1009.java,n,./embeddings-codebert/1009.java.pth,./embeddings-bert/1009.java.pth,n,n,n,n
5,1104.java,1,./embeddings-codebert/1104.java.pth,./embeddings-bert/1104.java.pth,n,n,1,1
436,694.java,n,./embeddings-codebert/694.java.pth,./embeddings-bert/694.java.pth,n,n,n,n
100,600.java,1,./embeddings-codebert/600.java.pth,./embeddings-bert/600.java.pth,1,1,1,1
803,41.java,nlogn,./embeddings-codebert/41.java.pth,./embeddings-bert/41.java.pth,n,n,nlogn,nlogn
150,1164.java,logn,./embeddings-codebert/1164.java.pth,./embeddings-bert/1164.java.pth,n,n,logn,logn
642,318.java,n_square,./embeddings-codebert/318.java.pth,./embeddings-bert/318.java.pth,n_square,n_square,n_square,n_square
399,622.java,n,./embeddings-codebert/622.java.pth,./embeddings-bert/622.java.pth,n,n,n,n
652,339.java,n_square,./embeddings-codebert/339.java.pth,./embeddings-bert/339.java.pth,n_square,n_square,n_square,n_square
576,297.java,n,./embeddings-codebert/297.java.pth,./embeddings-bert/297.java.pth,n,n,n,n
445,714.java,n,./embeddings-codebert/714.java.pth,./embeddings-bert/714.java.pth,n,n,n,n
348,515.java,n,./embeddings-codebert/515.java.pth,./embeddings-bert/515.java.pth,n,n,n,n
701,609.java,n_square,./embeddings-codebert/609.java.pth,./embeddings-bert/609.java.pth,n,n,n_square,n_square
160,1501.java,logn,./embeddings-codebert/1501.java.pth,./embeddings-bert/1501.java.pth,logn,n,logn,logn
847,606.java,nlogn,./embeddings-codebert/606.java.pth,./embeddings-bert/606.java.pth,n,n,nlogn,nlogn
659,366.java,n_square,./embeddings-codebert/366.java.pth,./embeddings-bert/366.java.pth,n_square,n_square,n_square,n_square
861,677.java,nlogn,./embeddings-codebert/677.java.pth,./embeddings-bert/677.java.pth,nlogn,n,nlogn,nlogn
763,92.java,n_square,./embeddings-codebert/92.java.pth,./embeddings-bert/92.java.pth,n,n,n_square,n_square
368,553.java,n,./embeddings-codebert/553.java.pth,./embeddings-bert/553.java.pth,n,n,n,n
432,685.java,n,./embeddings-codebert/685.java.pth,./embeddings-bert/685.java.pth,n,n,n,n
185,534.java,logn,./embeddings-codebert/534.java.pth,./embeddings-bert/534.java.pth,n,n,logn,logn
793,116.java,nlogn,./embeddings-codebert/116.java.pth,./embeddings-bert/116.java.pth,nlogn,n,nlogn,nlogn
462,76.java,n,./embeddings-codebert/76.java.pth,./embeddings-bert/76.java.pth,n,n,n,n
559,976.java,n,./embeddings-codebert/976.java.pth,./embeddings-bert/976.java.pth,n,n,n,n
402,636.java,n,./embeddings-codebert/636.java.pth,./embeddings-bert/636.java.pth,n,n,n,n
807,459.java,nlogn,./embeddings-codebert/459.java.pth,./embeddings-bert/459.java.pth,n,n,nlogn,nlogn
116,745.java,1,./embeddings-codebert/745.java.pth,./embeddings-bert/745.java.pth,1,1,1,1
726,710.java,n_square,./embeddings-codebert/710.java.pth,./embeddings-bert/710.java.pth,n,n,n_square,n_square
746,822.java,n_square,./embeddings-codebert/822.java.pth,./embeddings-bert/822.java.pth,n,n,n_square,n_square
4,1103.java,1,./embeddings-codebert/1103.java.pth,./embeddings-bert/1103.java.pth,1,n,1,1
778,144.java,n_square,./embeddings-codebert/144.java.pth,./embeddings-bert/144.java.pth,n,n_square,n_square,n_square
438,696.java,n,./embeddings-codebert/696.java.pth,./embeddings-bert/696.java.pth,n,n,n,n
638,307.java,n_square,./embeddings-codebert/307.java.pth,./embeddings-bert/307.java.pth,n_square,n,n_square,n_square
910,914.java,nlogn,./embeddings-codebert/914.java.pth,./embeddings-bert/914.java.pth,n,n,nlogn,nlogn
573,20.java,n,./embeddings-codebert/20.java.pth,./embeddings-bert/20.java.pth,n,n,n,n
344,506.java,n,./embeddings-codebert/506.java.pth,./embeddings-bert/506.java.pth,n,n,n,n
737,762.java,n_square,./embeddings-codebert/762.java.pth,./embeddings-bert/762.java.pth,n,n,n_square,n_square
463,761.java,n,./embeddings-codebert/761.java.pth,./embeddings-bert/761.java.pth,n,n,n,n
604,147.java,n_square,./embeddings-codebert/147.java.pth,./embeddings-bert/147.java.pth,n_square,n,n_square,n_square
655,346.java,n_square,./embeddings-codebert/346.java.pth,./embeddings-bert/346.java.pth,n_square,n_square,n_square,n_square
924,957.java,nlogn,./embeddings-codebert/957.java.pth,./embeddings-bert/957.java.pth,n,n,nlogn,nlogn
774,990.java,n_square,./embeddings-codebert/990.java.pth,./embeddings-bert/990.java.pth,n,n,n_square,n_square
35,1134.java,1,./embeddings-codebert/1134.java.pth,./embeddings-bert/1134.java.pth,n,n,1,1
708,630.java,n_square,./embeddings-codebert/630.java.pth,./embeddings-bert/630.java.pth,n,n,n_square,n_square
891,845.java,nlogn,./embeddings-codebert/845.java.pth,./embeddings-bert/845.java.pth,n,n,nlogn,nlogn
916,930.java,nlogn,./embeddings-codebert/930.java.pth,./embeddings-bert/930.java.pth,n,n,nlogn,nlogn
687,550.java,n_square,./embeddings-codebert/550.java.pth,./embeddings-bert/550.java.pth,n,n,n_square,n_square
508,861.java,n,./embeddings-codebert/861.java.pth,./embeddings-bert/861.java.pth,n,n,n,n
712,656.java,n_square,./embeddings-codebert/656.java.pth,./embeddings-bert/656.java.pth,n,n,n_square,n_square
299,418.java,n,./embeddings-codebert/418.java.pth,./embeddings-bert/418.java.pth,n,n,n,n
875,760.java,nlogn,./embeddings-codebert/760.java.pth,./embeddings-bert/760.java.pth,n,n,nlogn,nlogn
164,1505.java,logn,./embeddings-codebert/1505.java.pth,./embeddings-bert/1505.java.pth,logn,n,logn,logn
596,115.java,n_square,./embeddings-codebert/115.java.pth,./embeddings-bert/115.java.pth,n,n,n_square,n_square
581,77.java,n,./embeddings-codebert/77.java.pth,./embeddings-bert/77.java.pth,n,n,n,n
566,997.java,n,./embeddings-codebert/997.java.pth,./embeddings-bert/997.java.pth,n,n,n,n
17,1116.java,1,./embeddings-codebert/1116.java.pth,./embeddings-bert/1116.java.pth,1,n,1,1
334,456.java,n,./embeddings-codebert/456.java.pth,./embeddings-bert/456.java.pth,n,n,n,n
507,860.java,n,./embeddings-codebert/860.java.pth,./embeddings-bert/860.java.pth,n,n,n,n
42,1141.java,1,./embeddings-codebert/1141.java.pth,./embeddings-bert/1141.java.pth,1,n,1,1
529,91.java,n,./embeddings-codebert/91.java.pth,./embeddings-bert/91.java.pth,n,n,n,n
885,818.java,nlogn,./embeddings-codebert/818.java.pth,./embeddings-bert/818.java.pth,n,n,nlogn,nlogn
668,376.java,n_square,./embeddings-codebert/376.java.pth,./embeddings-bert/376.java.pth,n,n,n_square,n_square
695,587.java,n_square,./embeddings-codebert/587.java.pth,./embeddings-bert/587.java.pth,n,n,n_square,n_square
309,430.java,n,./embeddings-codebert/430.java.pth,./embeddings-bert/430.java.pth,n,n,n,n
415,658.java,n,./embeddings-codebert/658.java.pth,./embeddings-bert/658.java.pth,n,n,n,n
355,533.java,n,./embeddings-codebert/533.java.pth,./embeddings-bert/533.java.pth,n,n,n,n
170,1511.java,logn,./embeddings-codebert/1511.java.pth,./embeddings-bert/1511.java.pth,n,n,logn,logn
296,414.java,n,./embeddings-codebert/414.java.pth,./embeddings-bert/414.java.pth,n,n,n,n
772,988.java,n_square,./embeddings-codebert/988.java.pth,./embeddings-bert/988.java.pth,n_square,n,n_square,n_square
495,828.java,n,./embeddings-codebert/828.java.pth,./embeddings-bert/828.java.pth,n,n,n,n
39,1138.java,1,./embeddings-codebert/1138.java.pth,./embeddings-bert/1138.java.pth,1,n,1,1
471,776.java,n,./embeddings-codebert/776.java.pth,./embeddings-bert/776.java.pth,n,n,n,n
697,595.java,n_square,./embeddings-codebert/595.java.pth,./embeddings-bert/595.java.pth,n,n,n_square,n_square
725,706.java,n_square,./embeddings-codebert/706.java.pth,./embeddings-bert/706.java.pth,n,n,n_square,n_square
849,610.java,nlogn,./embeddings-codebert/610.java.pth,./embeddings-bert/610.java.pth,n,n,nlogn,nlogn
534,921.java,n,./embeddings-codebert/921.java.pth,./embeddings-bert/921.java.pth,n,n,n,n
864,684.java,nlogn,./embeddings-codebert/684.java.pth,./embeddings-bert/684.java.pth,nlogn,n,nlogn,nlogn
110,646.java,1,./embeddings-codebert/646.java.pth,./embeddings-bert/646.java.pth,n,n,1,1
28,1127.java,1,./embeddings-codebert/1127.java.pth,./embeddings-bert/1127.java.pth,1,1,1,1
611,199.java,n_square,./embeddings-codebert/199.java.pth,./embeddings-bert/199.java.pth,n,n,n_square,n_square
271,381.java,n,./embeddings-codebert/381.java.pth,./embeddings-bert/381.java.pth,n,n,n,n
506,857.java,n,./embeddings-codebert/857.java.pth,./embeddings-bert/857.java.pth,n,n,n,n
134,878.java,1,./embeddings-codebert/878.java.pth,./embeddings-bert/878.java.pth,n,n,1,1
109,645.java,1,./embeddings-codebert/645.java.pth,./embeddings-bert/645.java.pth,1,n,1,1
820,484.java,nlogn,./embeddings-codebert/484.java.pth,./embeddings-bert/484.java.pth,n,n,nlogn,nlogn
63,1181.java,1,./embeddings-codebert/1181.java.pth,./embeddings-bert/1181.java.pth,n,n,1,1
209,1011.java,n,./embeddings-codebert/1011.java.pth,./embeddings-bert/1011.java.pth,n,n,n,n
727,72.java,n_square,./embeddings-codebert/72.java.pth,./embeddings-bert/72.java.pth,n_square,n_square,n_square,n_square
694,585.java,n_square,./embeddings-codebert/585.java.pth,./embeddings-bert/585.java.pth,n,n,n_square,n_square
796,145.java,nlogn,./embeddings-codebert/145.java.pth,./embeddings-bert/145.java.pth,n,n,nlogn,nlogn
565,994.java,n,./embeddings-codebert/994.java.pth,./embeddings-bert/994.java.pth,n,n,n,n
384,588.java,n,./embeddings-codebert/588.java.pth,./embeddings-bert/588.java.pth,n,n,n,n
903,895.java,nlogn,./embeddings-codebert/895.java.pth,./embeddings-bert/895.java.pth,n,n,nlogn,nlogn
745,821.java,n_square,./embeddings-codebert/821.java.pth,./embeddings-bert/821.java.pth,n,n,n_square,n_square
105,619.java,1,./embeddings-codebert/619.java.pth,./embeddings-bert/619.java.pth,n,n,1,1
358,54.java,n,./embeddings-codebert/54.java.pth,./embeddings-bert/54.java.pth,n,n,n,n
383,582.java,n,./embeddings-codebert/582.java.pth,./embeddings-bert/582.java.pth,n,n,n,n
243,32.java,n,./embeddings-codebert/32.java.pth,./embeddings-bert/32.java.pth,n,n,n,n
556,972.java,n,./embeddings-codebert/972.java.pth,./embeddings-bert/972.java.pth,n,n,n,n
131,842.java,1,./embeddings-codebert/842.java.pth,./embeddings-bert/842.java.pth,n,n,1,1
454,746.java,n,./embeddings-codebert/746.java.pth,./embeddings-bert/746.java.pth,n,n,n,n
244,320.java,n,./embeddings-codebert/320.java.pth,./embeddings-bert/320.java.pth,n,n,n,n
381,578.java,n,./embeddings-codebert/578.java.pth,./embeddings-bert/578.java.pth,n,n,n,n
220,109.java,n,./embeddings-codebert/109.java.pth,./embeddings-bert/109.java.pth,n,n,n,n
930,967.java,nlogn,./embeddings-codebert/967.java.pth,./embeddings-bert/967.java.pth,n,n,nlogn,nlogn
228,277.java,n,./embeddings-codebert/277.java.pth,./embeddings-bert/277.java.pth,n,n,n,n
378,570.java,n,./embeddings-codebert/570.java.pth,./embeddings-bert/570.java.pth,n,n,n,n
26,1125.java,1,./embeddings-codebert/1125.java.pth,./embeddings-bert/1125.java.pth,1,n,1,1
898,879.java,nlogn,./embeddings-codebert/879.java.pth,./embeddings-bert/879.java.pth,n,n,nlogn,nlogn
108,644.java,1,./embeddings-codebert/644.java.pth,./embeddings-bert/644.java.pth,n,n,1,1
755,863.java,n_square,./embeddings-codebert/863.java.pth,./embeddings-bert/863.java.pth,n,n,n_square,n_square
520,890.java,n,./embeddings-codebert/890.java.pth,./embeddings-bert/890.java.pth,n,n,n,n
406,64.java,n,./embeddings-codebert/64.java.pth,./embeddings-bert/64.java.pth,n,n,n,n
49,1148.java,1,./embeddings-codebert/1148.java.pth,./embeddings-bert/1148.java.pth,n,n,1,1
530,913.java,n,./embeddings-codebert/913.java.pth,./embeddings-bert/913.java.pth,n,n,n,n
649,332.java,n_square,./embeddings-codebert/332.java.pth,./embeddings-bert/332.java.pth,n_square,n,n_square,n_square
501,848.java,n,./embeddings-codebert/848.java.pth,./embeddings-bert/848.java.pth,n,n,n,n
287,404.java,n,./embeddings-codebert/404.java.pth,./embeddings-bert/404.java.pth,n,n,n,n
477,79.java,n,./embeddings-codebert/79.java.pth,./embeddings-bert/79.java.pth,n,n,n,n
473,78.java,n,./embeddings-codebert/78.java.pth,./embeddings-bert/78.java.pth,n,n,n,n
11,1110.java,1,./embeddings-codebert/1110.java.pth,./embeddings-bert/1110.java.pth,n,n,1,1
729,729.java,n_square,./embeddings-codebert/729.java.pth,./embeddings-bert/729.java.pth,n,n,n_square,n_square
115,743.java,1,./embeddings-codebert/743.java.pth,./embeddings-bert/743.java.pth,n,n,1,1
811,466.java,nlogn,./embeddings-codebert/466.java.pth,./embeddings-bert/466.java.pth,n,n,nlogn,nlogn
457,752.java,n,./embeddings-codebert/752.java.pth,./embeddings-bert/752.java.pth,n,n,n,n
557,973.java,n,./embeddings-codebert/973.java.pth,./embeddings-bert/973.java.pth,n,n,n,n
365,55.java,n,./embeddings-codebert/55.java.pth,./embeddings-bert/55.java.pth,n,n,n,n
836,561.java,nlogn,./embeddings-codebert/561.java.pth,./embeddings-bert/561.java.pth,n,n,nlogn,nlogn
19,1118.java,1,./embeddings-codebert/1118.java.pth,./embeddings-bert/1118.java.pth,n,n,1,1
259,355.java,n,./embeddings-codebert/355.java.pth,./embeddings-bert/355.java.pth,n,n,n,n
347,509.java,n,./embeddings-codebert/509.java.pth,./embeddings-bert/509.java.pth,n,n,n,n
837,562.java,nlogn,./embeddings-codebert/562.java.pth,./embeddings-bert/562.java.pth,n,n,nlogn,nlogn
897,872.java,nlogn,./embeddings-codebert/872.java.pth,./embeddings-bert/872.java.pth,n,n,nlogn,nlogn
704,623.java,n_square,./embeddings-codebert/623.java.pth,./embeddings-bert/623.java.pth,n,n,n_square,n_square
521,892.java,n,./embeddings-codebert/892.java.pth,./embeddings-bert/892.java.pth,n,n,n,n
730,731.java,n_square,./embeddings-codebert/731.java.pth,./embeddings-bert/731.java.pth,n,n,n_square,n_square
23,1122.java,1,./embeddings-codebert/1122.java.pth,./embeddings-bert/1122.java.pth,1,n,1,1
794,136.java,nlogn,./embeddings-codebert/136.java.pth,./embeddings-bert/136.java.pth,n,n,nlogn,nlogn
732,734.java,n_square,./embeddings-codebert/734.java.pth,./embeddings-bert/734.java.pth,n,n,n_square,n_square
851,626.java,nlogn,./embeddings-codebert/626.java.pth,./embeddings-bert/626.java.pth,n,n,nlogn,nlogn
603,143.java,n_square,./embeddings-codebert/143.java.pth,./embeddings-bert/143.java.pth,n,n_square,n_square,n_square
16,1115.java,1,./embeddings-codebert/1115.java.pth,./embeddings-bert/1115.java.pth,n,n,1,1
446,717.java,n,./embeddings-codebert/717.java.pth,./embeddings-bert/717.java.pth,n,n,n,n
475,786.java,n,./embeddings-codebert/786.java.pth,./embeddings-bert/786.java.pth,n,n,n,n
927,961.java,nlogn,./embeddings-codebert/961.java.pth,./embeddings-bert/961.java.pth,n,n,nlogn,nlogn
184,529.java,logn,./embeddings-codebert/529.java.pth,./embeddings-bert/529.java.pth,logn,n,logn,logn
196,530.java,logn,./embeddings-codebert/530.java.pth,./embeddings-bert/530.java.pth,logn,n,logn,logn
101,601.java,1,./embeddings-codebert/601.java.pth,./embeddings-bert/601.java.pth,n,n,1,1
527,900.java,n,./embeddings-codebert/900.java.pth,./embeddings-bert/900.java.pth,n,n,n,n
124,802.java,1,./embeddings-codebert/802.java.pth,./embeddings-bert/802.java.pth,1,1,1,1
442,708.java,n,./embeddings-codebert/708.java.pth,./embeddings-bert/708.java.pth,n,n,n,n
498,837.java,n,./embeddings-codebert/837.java.pth,./embeddings-bert/837.java.pth,n,n,n,n
593,1038.java,n_square,./embeddings-codebert/1038.java.pth,./embeddings-bert/1038.java.pth,n,n,n_square,n_square
372,558.java,n,./embeddings-codebert/558.java.pth,./embeddings-bert/558.java.pth,n,n,n,n
839,572.java,nlogn,./embeddings-codebert/572.java.pth,./embeddings-bert/572.java.pth,nlogn,n,nlogn,nlogn
485,800.java,n,./embeddings-codebert/800.java.pth,./embeddings-bert/800.java.pth,n,n,n,n
842,579.java,nlogn,./embeddings-codebert/579.java.pth,./embeddings-bert/579.java.pth,nlogn,n,nlogn,nlogn
499,841.java,n,./embeddings-codebert/841.java.pth,./embeddings-bert/841.java.pth,n,n,n,n
583,1.java,n_square,./embeddings-codebert/1.java.pth,./embeddings-bert/1.java.pth,n_square,n,n_square,n_square
633,298.java,n_square,./embeddings-codebert/298.java.pth,./embeddings-bert/298.java.pth,n_square,n_square,n_square,n_square
490,814.java,n,./embeddings-codebert/814.java.pth,./embeddings-bert/814.java.pth,n,n,n,n
166,1507.java,logn,./embeddings-codebert/1507.java.pth,./embeddings-bert/1507.java.pth,n,n,logn,logn
98,217.java,1,./embeddings-codebert/217.java.pth,./embeddings-bert/217.java.pth,n,n,1,1
292,410.java,n,./embeddings-codebert/410.java.pth,./embeddings-bert/410.java.pth,n,n,n,n
738,764.java,n_square,./embeddings-codebert/764.java.pth,./embeddings-bert/764.java.pth,n,n,n_square,n_square
585,1015.java,n_square,./embeddings-codebert/1015.java.pth,./embeddings-bert/1015.java.pth,n,n,n_square,n_square
337,469.java,n,./embeddings-codebert/469.java.pth,./embeddings-bert/469.java.pth,n,n,n,n
276,388.java,n,./embeddings-codebert/388.java.pth,./embeddings-bert/388.java.pth,n,n,n,n
770,986.java,n_square,./embeddings-codebert/986.java.pth,./embeddings-bert/986.java.pth,n,n,n_square,n_square
444,713.java,n,./embeddings-codebert/713.java.pth,./embeddings-bert/713.java.pth,n,n,n,n
706,625.java,n_square,./embeddings-codebert/625.java.pth,./embeddings-bert/625.java.pth,n,n,n_square,n_square
673,402.java,n_square,./embeddings-codebert/402.java.pth,./embeddings-bert/402.java.pth,n_square,n,n_square,n_square
547,951.java,n,./embeddings-codebert/951.java.pth,./embeddings-bert/951.java.pth,n,n,n,n
800,315.java,nlogn,./embeddings-codebert/315.java.pth,./embeddings-bert/315.java.pth,n,n,nlogn,nlogn
588,1018.java,n_square,./embeddings-codebert/1018.java.pth,./embeddings-bert/1018.java.pth,n,n,n_square,n_square
84,1202.java,1,./embeddings-codebert/1202.java.pth,./embeddings-bert/1202.java.pth,n,n,1,1
841,577.java,nlogn,./embeddings-codebert/577.java.pth,./embeddings-bert/577.java.pth,nlogn,n,nlogn,nlogn
197,1167.java,logn,./embeddings-codebert/1167.java.pth,./embeddings-bert/1167.java.pth,n,n,logn,logn
513,875.java,n,./embeddings-codebert/875.java.pth,./embeddings-bert/875.java.pth,n,n,n,n
260,356.java,n,./embeddings-codebert/356.java.pth,./embeddings-bert/356.java.pth,n,n,n,n
828,502.java,nlogn,./embeddings-codebert/502.java.pth,./embeddings-bert/502.java.pth,n,n,nlogn,nlogn
474,785.java,n,./embeddings-codebert/785.java.pth,./embeddings-bert/785.java.pth,n,n,n,n
906,904.java,nlogn,./embeddings-codebert/904.java.pth,./embeddings-bert/904.java.pth,n,n,nlogn,nlogn
615,237.java,n_square,./embeddings-codebert/237.java.pth,./embeddings-bert/237.java.pth,n_square,n,n_square,n_square
551,968.java,n,./embeddings-codebert/968.java.pth,./embeddings-bert/968.java.pth,n,n,n,n
376,569.java,n,./embeddings-codebert/569.java.pth,./embeddings-bert/569.java.pth,n,n,n,n
709,634.java,n_square,./embeddings-codebert/634.java.pth,./embeddings-bert/634.java.pth,n,n,n_square,n_square
577,301.java,n,./embeddings-codebert/301.java.pth,./embeddings-bert/301.java.pth,n,n,n,n
283,398.java,n,./embeddings-codebert/398.java.pth,./embeddings-bert/398.java.pth,n,n,n,n
308,43.java,n,./embeddings-codebert/43.java.pth,./embeddings-bert/43.java.pth,n,n,n,n
710,635.java,n_square,./embeddings-codebert/635.java.pth,./embeddings-bert/635.java.pth,n,n,n_square,n_square
719,697.java,n_square,./embeddings-codebert/697.java.pth,./embeddings-bert/697.java.pth,n,n,n_square,n_square
60,1176.java,1,./embeddings-codebert/1176.java.pth,./embeddings-bert/1176.java.pth,1,1,1,1
420,665.java,n,./embeddings-codebert/665.java.pth,./embeddings-bert/665.java.pth,n,n,n,n
404,638.java,n,./embeddings-codebert/638.java.pth,./embeddings-bert/638.java.pth,n,n,n,n
620,254.java,n_square,./embeddings-codebert/254.java.pth,./embeddings-bert/254.java.pth,1,1,n_square,n_square
281,393.java,n,./embeddings-codebert/393.java.pth,./embeddings-bert/393.java.pth,n,n,n,n
186,536.java,logn,./embeddings-codebert/536.java.pth,./embeddings-bert/536.java.pth,logn,n,logn,logn
214,1025.java,n,./embeddings-codebert/1025.java.pth,./embeddings-bert/1025.java.pth,n,n,n,n
636,304.java,n_square,./embeddings-codebert/304.java.pth,./embeddings-bert/304.java.pth,n_square,n,n_square,n_square
128,830.java,1,./embeddings-codebert/830.java.pth,./embeddings-bert/830.java.pth,n,n,1,1
88,1206.java,1,./embeddings-codebert/1206.java.pth,./embeddings-bert/1206.java.pth,1,n,1,1
911,915.java,nlogn,./embeddings-codebert/915.java.pth,./embeddings-bert/915.java.pth,n,n,nlogn,nlogn
427,672.java,n,./embeddings-codebert/672.java.pth,./embeddings-bert/672.java.pth,n,n,n,n
205,1008.java,n,./embeddings-codebert/1008.java.pth,./embeddings-bert/1008.java.pth,n,n,n,n
554,970.java,n,./embeddings-codebert/970.java.pth,./embeddings-bert/970.java.pth,n,n,n,n
367,552.java,n,./embeddings-codebert/552.java.pth,./embeddings-bert/552.java.pth,n,n,n,n
331,453.java,n,./embeddings-codebert/453.java.pth,./embeddings-bert/453.java.pth,n,n,n,n
921,953.java,nlogn,./embeddings-codebert/953.java.pth,./embeddings-bert/953.java.pth,n,n,nlogn,nlogn
435,693.java,n,./embeddings-codebert/693.java.pth,./embeddings-bert/693.java.pth,n,n,n,n
245,321.java,n,./embeddings-codebert/321.java.pth,./embeddings-bert/321.java.pth,n,n,n,n
455,747.java,n,./embeddings-codebert/747.java.pth,./embeddings-bert/747.java.pth,n,n,n,n
812,474.java,nlogn,./embeddings-codebert/474.java.pth,./embeddings-bert/474.java.pth,n,n,nlogn,nlogn
345,507.java,n,./embeddings-codebert/507.java.pth,./embeddings-bert/507.java.pth,n,n,n,n
25,1124.java,1,./embeddings-codebert/1124.java.pth,./embeddings-bert/1124.java.pth,1,n,1,1
511,869.java,n,./embeddings-codebert/869.java.pth,./embeddings-bert/869.java.pth,n,n,n,n
302,422.java,n,./embeddings-codebert/422.java.pth,./embeddings-bert/422.java.pth,n,n,n,n
666,373.java,n_square,./embeddings-codebert/373.java.pth,./embeddings-bert/373.java.pth,n_square,n_square,n_square,n_square
447,719.java,n,./embeddings-codebert/719.java.pth,./embeddings-bert/719.java.pth,n,n,n,n
251,345.java,n,./embeddings-codebert/345.java.pth,./embeddings-bert/345.java.pth,n,n,n,n
152,1166.java,logn,./embeddings-codebert/1166.java.pth,./embeddings-bert/1166.java.pth,n,n,logn,logn
713,68.java,n_square,./embeddings-codebert/68.java.pth,./embeddings-bert/68.java.pth,n_square,n,n_square,n_square
397,62.java,n,./embeddings-codebert/62.java.pth,./embeddings-bert/62.java.pth,n,n,n,n
263,360.java,n,./embeddings-codebert/360.java.pth,./embeddings-bert/360.java.pth,n,n,n,n
929,966.java,nlogn,./embeddings-codebert/966.java.pth,./embeddings-bert/966.java.pth,n,n,nlogn,nlogn
314,435.java,n,./embeddings-codebert/435.java.pth,./embeddings-bert/435.java.pth,n,n,n,n
810,464.java,nlogn,./embeddings-codebert/464.java.pth,./embeddings-bert/464.java.pth,n,n,nlogn,nlogn
213,1023.java,n,./embeddings-codebert/1023.java.pth,./embeddings-bert/1023.java.pth,n,n,n,n
249,333.java,n,./embeddings-codebert/333.java.pth,./embeddings-bert/333.java.pth,n,n,n,n
724,705.java,n_square,./embeddings-codebert/705.java.pth,./embeddings-bert/705.java.pth,n,n,n_square,n_square
218,1029.java,n,./embeddings-codebert/1029.java.pth,./embeddings-bert/1029.java.pth,n,n,n,n
744,82.java,n_square,./embeddings-codebert/82.java.pth,./embeddings-bert/82.java.pth,n,n,n_square,n_square
363,547.java,n,./embeddings-codebert/547.java.pth,./embeddings-bert/547.java.pth,n,n,n,n
536,929.java,n,./embeddings-codebert/929.java.pth,./embeddings-bert/929.java.pth,n,n,n,n
465,765.java,n,./embeddings-codebert/765.java.pth,./embeddings-bert/765.java.pth,n,n,n,n
907,907.java,nlogn,./embeddings-codebert/907.java.pth,./embeddings-bert/907.java.pth,n,n,nlogn,nlogn
632,295.java,n_square,./embeddings-codebert/295.java.pth,./embeddings-bert/295.java.pth,n_square,n,n_square,n_square
844,584.java,nlogn,./embeddings-codebert/584.java.pth,./embeddings-bert/584.java.pth,nlogn,nlogn,nlogn,nlogn
144,1157.java,logn,./embeddings-codebert/1157.java.pth,./embeddings-bert/1157.java.pth,n,n,logn,logn
480,796.java,n,./embeddings-codebert/796.java.pth,./embeddings-bert/796.java.pth,n,n,n,n
922,955.java,nlogn,./embeddings-codebert/955.java.pth,./embeddings-bert/955.java.pth,n,n,nlogn,nlogn
494,827.java,n,./embeddings-codebert/827.java.pth,./embeddings-bert/827.java.pth,n,n,n,n
932,980.java,nlogn,./embeddings-codebert/980.java.pth,./embeddings-bert/980.java.pth,n,n,nlogn,nlogn
219,106.java,n,./embeddings-codebert/106.java.pth,./embeddings-bert/106.java.pth,n,n,n,n
333,455.java,n,./embeddings-codebert/455.java.pth,./embeddings-bert/455.java.pth,n,n,n,n
310,431.java,n,./embeddings-codebert/431.java.pth,./embeddings-bert/431.java.pth,n,n,n,n
285,4.java,n,./embeddings-codebert/4.java.pth,./embeddings-bert/4.java.pth,n,n,n,n
711,655.java,n_square,./embeddings-codebert/655.java.pth,./embeddings-bert/655.java.pth,n,n,n,n
307,429.java,n,./embeddings-codebert/429.java.pth,./embeddings-bert/429.java.pth,n,n,n,n
52,1151.java,1,./embeddings-codebert/1151.java.pth,./embeddings-bert/1151.java.pth,n,n,n,n
623,26.java,n_square,./embeddings-codebert/26.java.pth,./embeddings-bert/26.java.pth,n,n,n,n
870,737.java,nlogn,./embeddings-codebert/737.java.pth,./embeddings-bert/737.java.pth,n,n,n,n
884,812.java,nlogn,./embeddings-codebert/812.java.pth,./embeddings-bert/812.java.pth,n,n,n,n
482,799.java,n,./embeddings-codebert/799.java.pth,./embeddings-bert/799.java.pth,n,n,n,n
154,1169.java,logn,./embeddings-codebert/1169.java.pth,./embeddings-bert/1169.java.pth,n,n,n,n
905,901.java,nlogn,./embeddings-codebert/901.java.pth,./embeddings-bert/901.java.pth,n,n,n_square,n_square
158,127.java,logn,./embeddings-codebert/127.java.pth,./embeddings-bert/127.java.pth,n,n,n_square,n
48,1147.java,1,./embeddings-codebert/1147.java.pth,./embeddings-bert/1147.java.pth,n,n,n,n
419,662.java,n,./embeddings-codebert/662.java.pth,./embeddings-bert/662.java.pth,n,n,n,n
77,1195.java,1,./embeddings-codebert/1195.java.pth,./embeddings-bert/1195.java.pth,n,n,n,n
329,451.java,n,./embeddings-codebert/451.java.pth,./embeddings-bert/451.java.pth,n,n,n,n
222,269.java,n,./embeddings-codebert/269.java.pth,./embeddings-bert/269.java.pth,n,n,n,n
739,769.java,n_square,./embeddings-codebert/769.java.pth,./embeddings-bert/769.java.pth,n,n,n,n
181,519.java,logn,./embeddings-codebert/519.java.pth,./embeddings-bert/519.java.pth,n,n,n,n
838,564.java,nlogn,./embeddings-codebert/564.java.pth,./embeddings-bert/564.java.pth,n,n,n,n
362,545.java,n,./embeddings-codebert/545.java.pth,./embeddings-bert/545.java.pth,n,n,n,n
822,486.java,nlogn,./embeddings-codebert/486.java.pth,./embeddings-bert/486.java.pth,n,n,n_square,n
385,589.java,n,./embeddings-codebert/589.java.pth,./embeddings-bert/589.java.pth,n,n,n,n
91,1209.java,1,./embeddings-codebert/1209.java.pth,./embeddings-bert/1209.java.pth,n,n,n,n
157,125.java,logn,./embeddings-codebert/125.java.pth,./embeddings-bert/125.java.pth,logn,n,logn,logn
320,440.java,n,./embeddings-codebert/440.java.pth,./embeddings-bert/440.java.pth,n,n,n,n
92,1210.java,1,./embeddings-codebert/1210.java.pth,./embeddings-bert/1210.java.pth,1,1,1,1
892,847.java,nlogn,./embeddings-codebert/847.java.pth,./embeddings-bert/847.java.pth,n,n,n,n
242,309.java,n,./embeddings-codebert/309.java.pth,./embeddings-bert/309.java.pth,n,n,n,n
818,482.java,nlogn,./embeddings-codebert/482.java.pth,./embeddings-bert/482.java.pth,n,n,n,n
674,403.java,n_square,./embeddings-codebert/403.java.pth,./embeddings-bert/403.java.pth,n,n,n,n
786,1024.java,nlogn,./embeddings-codebert/1024.java.pth,./embeddings-bert/1024.java.pth,n,n,n,n
284,399.java,n,./embeddings-codebert/399.java.pth,./embeddings-bert/399.java.pth,n,n,n,n
182,521.java,logn,./embeddings-codebert/521.java.pth,./embeddings-bert/521.java.pth,n,n,n,n
887,83.java,nlogn,./embeddings-codebert/83.java.pth,./embeddings-bert/83.java.pth,n,n,n,n
874,755.java,nlogn,./embeddings-codebert/755.java.pth,./embeddings-bert/755.java.pth,n,n,n,n
139,931.java,1,./embeddings-codebert/931.java.pth,./embeddings-bert/931.java.pth,n,n,n,n
717,690.java,n_square,./embeddings-codebert/690.java.pth,./embeddings-bert/690.java.pth,n,n,n_square,n_square
676,416.java,n_square,./embeddings-codebert/416.java.pth,./embeddings-bert/416.java.pth,n,n,n,n
370,555.java,n,./embeddings-codebert/555.java.pth,./embeddings-bert/555.java.pth,n,n,n,n
748,826.java,n_square,./embeddings-codebert/826.java.pth,./embeddings-bert/826.java.pth,n,n,n,n
550,965.java,n,./embeddings-codebert/965.java.pth,./embeddings-bert/965.java.pth,n,n,n,n
10,1109.java,1,./embeddings-codebert/1109.java.pth,./embeddings-bert/1109.java.pth,n,n,n,n
61,1177.java,1,./embeddings-codebert/1177.java.pth,./embeddings-bert/1177.java.pth,n,n,n,n
692,581.java,n_square,./embeddings-codebert/581.java.pth,./embeddings-bert/581.java.pth,n_square,n_square,n_square,n_square
223,270.java,n,./embeddings-codebert/270.java.pth,./embeddings-bert/270.java.pth,n,n,n,n
391,599.java,n,./embeddings-codebert/599.java.pth,./embeddings-bert/599.java.pth,n,n,n,n
852,627.java,nlogn,./embeddings-codebert/627.java.pth,./embeddings-bert/627.java.pth,n,n,n,n
723,703.java,n_square,./embeddings-codebert/703.java.pth,./embeddings-bert/703.java.pth,n_square,n,n_square,n_square
311,432.java,n,./embeddings-codebert/432.java.pth,./embeddings-bert/432.java.pth,n,n,n,n
830,504.java,nlogn,./embeddings-codebert/504.java.pth,./embeddings-bert/504.java.pth,n,n,nlogn,nlogn
512,874.java,n,./embeddings-codebert/874.java.pth,./embeddings-bert/874.java.pth,n,n,n,n
74,1192.java,1,./embeddings-codebert/1192.java.pth,./embeddings-bert/1192.java.pth,n,n,n,n
459,754.java,n,./embeddings-codebert/754.java.pth,./embeddings-bert/754.java.pth,n,n,n,n
87,1205.java,1,./embeddings-codebert/1205.java.pth,./embeddings-bert/1205.java.pth,1,1,1,1
458,753.java,n,./embeddings-codebert/753.java.pth,./embeddings-bert/753.java.pth,n,n,n,n
237,296.java,n,./embeddings-codebert/296.java.pth,./embeddings-bert/296.java.pth,n,n,n,n
848,607.java,nlogn,./embeddings-codebert/607.java.pth,./embeddings-bert/607.java.pth,n,n,n,n
764,922.java,n_square,./embeddings-codebert/922.java.pth,./embeddings-bert/922.java.pth,n,n,n,n
267,374.java,n,./embeddings-codebert/374.java.pth,./embeddings-bert/374.java.pth,n,n,n,n
487,803.java,n,./embeddings-codebert/803.java.pth,./embeddings-bert/803.java.pth,n,n,n,n
129,832.java,1,./embeddings-codebert/832.java.pth,./embeddings-bert/832.java.pth,n,n,1,1
352,528.java,n,./embeddings-codebert/528.java.pth,./embeddings-bert/528.java.pth,n,n,n,n
9,1108.java,1,./embeddings-codebert/1108.java.pth,./embeddings-bert/1108.java.pth,n,n,n,1
890,844.java,nlogn,./embeddings-codebert/844.java.pth,./embeddings-bert/844.java.pth,n,n,n,n
396,618.java,n,./embeddings-codebert/618.java.pth,./embeddings-bert/618.java.pth,n,n,n,n
919,945.java,nlogn,./embeddings-codebert/945.java.pth,./embeddings-bert/945.java.pth,n,n,nlogn,nlogn
806,458.java,nlogn,./embeddings-codebert/458.java.pth,./embeddings-bert/458.java.pth,n,n,n,n
899,88.java,nlogn,./embeddings-codebert/88.java.pth,./embeddings-bert/88.java.pth,n,n,n,n_square
93,1211.java,1,./embeddings-codebert/1211.java.pth,./embeddings-bert/1211.java.pth,n,n,n,n_square
491,820.java,n,./embeddings-codebert/820.java.pth,./embeddings-bert/820.java.pth,n,n,n,n
768,943.java,n_square,./embeddings-codebert/943.java.pth,./embeddings-bert/943.java.pth,n,n,n,n
750,839.java,n_square,./embeddings-codebert/839.java.pth,./embeddings-bert/839.java.pth,n,n,n,n
80,1198.java,1,./embeddings-codebert/1198.java.pth,./embeddings-bert/1198.java.pth,n,n,1,1
241,308.java,n,./embeddings-codebert/308.java.pth,./embeddings-bert/308.java.pth,1,1,1,1
797,15.java,nlogn,./embeddings-codebert/15.java.pth,./embeddings-bert/15.java.pth,n,n,n_square,n
75,1193.java,1,./embeddings-codebert/1193.java.pth,./embeddings-bert/1193.java.pth,n,n,n,n
279,390.java,n,./embeddings-codebert/390.java.pth,./embeddings-bert/390.java.pth,n,n,n,n
568,999.java,n,./embeddings-codebert/999.java.pth,./embeddings-bert/999.java.pth,1,1,1,1
341,494.java,n,./embeddings-codebert/494.java.pth,./embeddings-bert/494.java.pth,n,n,n,n
587,1017.java,n_square,./embeddings-codebert/1017.java.pth,./embeddings-bert/1017.java.pth,n,n,n,n
484,80.java,n,./embeddings-codebert/80.java.pth,./embeddings-bert/80.java.pth,n,n,n,n
637,305.java,n_square,./embeddings-codebert/305.java.pth,./embeddings-bert/305.java.pth,n,n,n,n
734,741.java,n_square,./embeddings-codebert/741.java.pth,./embeddings-bert/741.java.pth,n,n,n,n
151,1165.java,logn,./embeddings-codebert/1165.java.pth,./embeddings-bert/1165.java.pth,n,n,n,n
758,894.java,n_square,./embeddings-codebert/894.java.pth,./embeddings-bert/894.java.pth,n,n,n,n
523,896.java,n,./embeddings-codebert/896.java.pth,./embeddings-bert/896.java.pth,n,n,n,n
71,1189.java,1,./embeddings-codebert/1189.java.pth,./embeddings-bert/1189.java.pth,n,n,n,n
291,409.java,n,./embeddings-codebert/409.java.pth,./embeddings-bert/409.java.pth,n,n,n,n
651,337.java,n_square,./embeddings-codebert/337.java.pth,./embeddings-bert/337.java.pth,n,n,n_square,n
248,331.java,n,./embeddings-codebert/331.java.pth,./embeddings-bert/331.java.pth,n,n,n,n
718,692.java,n_square,./embeddings-codebert/692.java.pth,./embeddings-bert/692.java.pth,n,n,n_square,n_square
53,1152.java,1,./embeddings-codebert/1152.java.pth,./embeddings-bert/1152.java.pth,n,n,n,n
761,908.java,n_square,./embeddings-codebert/908.java.pth,./embeddings-bert/908.java.pth,n,n,n,n
238,299.java,n,./embeddings-codebert/299.java.pth,./embeddings-bert/299.java.pth,n,n,n,n
412,653.java,n,./embeddings-codebert/653.java.pth,./embeddings-bert/653.java.pth,n,n,n,n
917,934.java,nlogn,./embeddings-codebert/934.java.pth,./embeddings-bert/934.java.pth,n,n,n,nlogn
265,365.java,n,./embeddings-codebert/365.java.pth,./embeddings-bert/365.java.pth,n,n,n,n
452,738.java,n,./embeddings-codebert/738.java.pth,./embeddings-bert/738.java.pth,n,n,n,n
268,377.java,n,./embeddings-codebert/377.java.pth,./embeddings-bert/377.java.pth,n,n,n,n
95,1214.java,1,./embeddings-codebert/1214.java.pth,./embeddings-bert/1214.java.pth,n,n,n_square,n
50,1149.java,1,./embeddings-codebert/1149.java.pth,./embeddings-bert/1149.java.pth,1,1,1,1
728,720.java,n_square,./embeddings-codebert/720.java.pth,./embeddings-bert/720.java.pth,n,n,n,n
163,1504.java,logn,./embeddings-codebert/1504.java.pth,./embeddings-bert/1504.java.pth,n,n,n,n
328,45.java,n,./embeddings-codebert/45.java.pth,./embeddings-bert/45.java.pth,n,n,n_square,n
671,396.java,n_square,./embeddings-codebert/396.java.pth,./embeddings-bert/396.java.pth,n,n,n,n
37,1136.java,1,./embeddings-codebert/1136.java.pth,./embeddings-bert/1136.java.pth,n,n,n,n
210,1012.java,n,./embeddings-codebert/1012.java.pth,./embeddings-bert/1012.java.pth,n,n,n,n
785,1020.java,nlogn,./embeddings-codebert/1020.java.pth,./embeddings-bert/1020.java.pth,n,n,n,n
440,699.java,n,./embeddings-codebert/699.java.pth,./embeddings-bert/699.java.pth,n,n,n,n
876,767.java,nlogn,./embeddings-codebert/767.java.pth,./embeddings-bert/767.java.pth,n,n,nlogn,nlogn
801,326.java,nlogn,./embeddings-codebert/326.java.pth,./embeddings-bert/326.java.pth,n,n,n,n
595,107.java,n_square,./embeddings-codebert/107.java.pth,./embeddings-bert/107.java.pth,n,n,n,n
799,234.java,nlogn,./embeddings-codebert/234.java.pth,./embeddings-bert/234.java.pth,n,n,n,n
572,160.java,n,./embeddings-codebert/160.java.pth,./embeddings-bert/160.java.pth,n,n,n,n
460,756.java,n,./embeddings-codebert/756.java.pth,./embeddings-bert/756.java.pth,n,n,n,n
805,457.java,nlogn,./embeddings-codebert/457.java.pth,./embeddings-bert/457.java.pth,n,n,n,n
323,443.java,n,./embeddings-codebert/443.java.pth,./embeddings-bert/443.java.pth,n,n,n,n
672,401.java,n_square,./embeddings-codebert/401.java.pth,./embeddings-bert/401.java.pth,n,n,n,n
766,933.java,n_square,./embeddings-codebert/933.java.pth,./embeddings-bert/933.java.pth,n,n,n,n
845,586.java,nlogn,./embeddings-codebert/586.java.pth,./embeddings-bert/586.java.pth,n,n,nlogn,nlogn
13,1112.java,1,./embeddings-codebert/1112.java.pth,./embeddings-bert/1112.java.pth,1,n,1,1
599,122.java,n_square,./embeddings-codebert/122.java.pth,./embeddings-bert/122.java.pth,n,n,n,n
912,919.java,nlogn,./embeddings-codebert/919.java.pth,./embeddings-bert/919.java.pth,n,n,n,n
456,750.java,n,./embeddings-codebert/750.java.pth,./embeddings-bert/750.java.pth,n,n,n,n
199,1002.java,n,./embeddings-codebert/1002.java.pth,./embeddings-bert/1002.java.pth,n,n,n,n
878,787.java,nlogn,./embeddings-codebert/787.java.pth,./embeddings-bert/787.java.pth,n,n,n,n
33,1132.java,1,./embeddings-codebert/1132.java.pth,./embeddings-bert/1132.java.pth,n,n,n,n
200,1003.java,n,./embeddings-codebert/1003.java.pth,./embeddings-bert/1003.java.pth,n,n,n,n
639,311.java,n_square,./embeddings-codebert/311.java.pth,./embeddings-bert/311.java.pth,n,n,n,n
272,382.java,n,./embeddings-codebert/382.java.pth,./embeddings-bert/382.java.pth,n,n,n,n
856,652.java,nlogn,./embeddings-codebert/652.java.pth,./embeddings-bert/652.java.pth,n,n,n,n
379,571.java,n,./embeddings-codebert/571.java.pth,./embeddings-bert/571.java.pth,n,n,n,n
24,1123.java,1,./embeddings-codebert/1123.java.pth,./embeddings-bert/1123.java.pth,n,n,n,n
106,63.java,1,./embeddings-codebert/63.java.pth,./embeddings-bert/63.java.pth,n,n,n,n
173,1514.java,logn,./embeddings-codebert/1514.java.pth,./embeddings-bert/1514.java.pth,n,n,n,n
505,856.java,n,./embeddings-codebert/856.java.pth,./embeddings-bert/856.java.pth,n,n,n,n
804,450.java,nlogn,./embeddings-codebert/450.java.pth,./embeddings-bert/450.java.pth,n,n,n,n
753,843.java,n_square,./embeddings-codebert/843.java.pth,./embeddings-bert/843.java.pth,n,n,n,n
931,975.java,nlogn,./embeddings-codebert/975.java.pth,./embeddings-bert/975.java.pth,n,n,n,n
873,751.java,nlogn,./embeddings-codebert/751.java.pth,./embeddings-bert/751.java.pth,n,n,n,n
293,411.java,n,./embeddings-codebert/411.java.pth,./embeddings-bert/411.java.pth,n,n,n,n
325,446.java,n,./embeddings-codebert/446.java.pth,./embeddings-bert/446.java.pth,n,n,n,n
36,1135.java,1,./embeddings-codebert/1135.java.pth,./embeddings-bert/1135.java.pth,n,n,n,n
479,795.java,n,./embeddings-codebert/795.java.pth,./embeddings-bert/795.java.pth,n,n,n_square,n
188,539.java,logn,./embeddings-codebert/539.java.pth,./embeddings-bert/539.java.pth,n,n,logn,logn
663,370.java,n_square,./embeddings-codebert/370.java.pth,./embeddings-bert/370.java.pth,n,n,n_square,n
656,348.java,n_square,./embeddings-codebert/348.java.pth,./embeddings-bert/348.java.pth,n,n,n,n_square
835,546.java,nlogn,./embeddings-codebert/546.java.pth,./embeddings-bert/546.java.pth,n,n,nlogn,nlogn
153,1168.java,logn,./embeddings-codebert/1168.java.pth,./embeddings-bert/1168.java.pth,n,n,n,n
2,1101.java,1,./embeddings-codebert/1101.java.pth,./embeddings-bert/1101.java.pth,n,n,n,n
909,912.java,nlogn,./embeddings-codebert/912.java.pth,./embeddings-bert/912.java.pth,n,n,n,n
224,272.java,n,./embeddings-codebert/272.java.pth,./embeddings-bert/272.java.pth,n,n,n,n
424,67.java,n,./embeddings-codebert/67.java.pth,./embeddings-bert/67.java.pth,n,n,n_square,n
155,1170.java,logn,./embeddings-codebert/1170.java.pth,./embeddings-bert/1170.java.pth,n,n,n,n
156,1171.java,logn,./embeddings-codebert/1171.java.pth,./embeddings-bert/1171.java.pth,n,n,n,n
65,1183.java,1,./embeddings-codebert/1183.java.pth,./embeddings-bert/1183.java.pth,n,n,n,n
589,102.java,n_square,./embeddings-codebert/102.java.pth,./embeddings-bert/102.java.pth,n,n,n,n
142,262.java,1,./embeddings-codebert/262.java.pth,./embeddings-bert/262.java.pth,1,1,1,1
489,81.java,n,./embeddings-codebert/81.java.pth,./embeddings-bert/81.java.pth,n,n,n,n
693,583.java,n_square,./embeddings-codebert/583.java.pth,./embeddings-bert/583.java.pth,n,n,n_square,n_square
179,513.java,logn,./embeddings-codebert/513.java.pth,./embeddings-bert/513.java.pth,n,n,n,n
808,46.java,nlogn,./embeddings-codebert/46.java.pth,./embeddings-bert/46.java.pth,n,n,n,n
270,38.java,n,./embeddings-codebert/38.java.pth,./embeddings-bert/38.java.pth,n,n,n,n
43,1142.java,1,./embeddings-codebert/1142.java.pth,./embeddings-bert/1142.java.pth,n,n,1,1
94,1213.java,1,./embeddings-codebert/1213.java.pth,./embeddings-bert/1213.java.pth,n,n,n,n
853,629.java,nlogn,./embeddings-codebert/629.java.pth,./embeddings-bert/629.java.pth,n,n,n,n
114,733.java,1,./embeddings-codebert/733.java.pth,./embeddings-bert/733.java.pth,n,n,1,1
68,1186.java,1,./embeddings-codebert/1186.java.pth,./embeddings-bert/1186.java.pth,n,n,n,n
430,679.java,n,./embeddings-codebert/679.java.pth,./embeddings-bert/679.java.pth,n,n,n,n
923,956.java,nlogn,./embeddings-codebert/956.java.pth,./embeddings-bert/956.java.pth,n,n,n,n
775,991.java,n_square,./embeddings-codebert/991.java.pth,./embeddings-bert/991.java.pth,n,n,n,n
790,1033.java,nlogn,./embeddings-codebert/1033.java.pth,./embeddings-bert/1033.java.pth,n,n,n,n
789,1032.java,nlogn,./embeddings-codebert/1032.java.pth,./embeddings-bert/1032.java.pth,n,n,n,n
400,632.java,n,./embeddings-codebert/632.java.pth,./embeddings-bert/632.java.pth,n,n,n,n
627,278.java,n_square,./embeddings-codebert/278.java.pth,./embeddings-bert/278.java.pth,n,n,n,n
453,742.java,n,./embeddings-codebert/742.java.pth,./embeddings-bert/742.java.pth,n,n,n,n
225,273.java,n,./embeddings-codebert/273.java.pth,./embeddings-bert/273.java.pth,n,n,n,n
221,268.java,n,./embeddings-codebert/268.java.pth,./embeddings-bert/268.java.pth,n,n,n,n
408,641.java,n,./embeddings-codebert/641.java.pth,./embeddings-bert/641.java.pth,n,n,n,n
27,1126.java,1,./embeddings-codebert/1126.java.pth,./embeddings-bert/1126.java.pth,n,n,n,1
591,1036.java,n_square,./embeddings-codebert/1036.java.pth,./embeddings-bert/1036.java.pth,n,n,n,n
614,229.java,n_square,./embeddings-codebert/229.java.pth,./embeddings-bert/229.java.pth,n,n,n,n
760,906.java,n_square,./embeddings-codebert/906.java.pth,./embeddings-bert/906.java.pth,n,n,n,n
