file_name,complexity,codebert_embeddings_path,bert_embeddings_path,bert_svm_train_pred,bert_rf_train_pred,bert_knn_train_pred,codebert_svm_train_pred,codebert_rf_train_pred,codebert_knn_train_pred
datasets/java/1145.java,0,./embeddings/codebert/datasets__java__1145.java.pth,./embeddings/bert/datasets__java__1145.java.pth,0,0,2,0,0,0
datasets/js/Sorts/BinaryInsertionSort.js,1,./embeddings/codebert/datasets__js__Sorts__BinaryInsertionSort.js.pth,./embeddings/bert/datasets__js__Sorts__BinaryInsertionSort.js.pth,1,1,4,1,1,2
datasets/java/1153.java,0,./embeddings/codebert/datasets__java__1153.java.pth,./embeddings/bert/datasets__java__1153.java.pth,0,0,2,0,0,2
datasets/java/875.java,2,./embeddings/codebert/datasets__java__875.java.pth,./embeddings/bert/datasets__java__875.java.pth,2,2,2,2,2,2
datasets/java/94.java,4,./embeddings/codebert/datasets__java__94.java.pth,./embeddings/bert/datasets__java__94.java.pth,4,4,2,4,4,2
datasets/java/305.java,4,./embeddings/codebert/datasets__java__305.java.pth,./embeddings/bert/datasets__java__305.java.pth,4,4,4,4,4,2
datasets/java/926.java,2,./embeddings/codebert/datasets__java__926.java.pth,./embeddings/bert/datasets__java__926.java.pth,2,2,2,2,2,2
datasets/java/92.java,4,./embeddings/codebert/datasets__java__92.java.pth,./embeddings/bert/datasets__java__92.java.pth,4,4,2,4,4,2
datasets/java/348.java,4,./embeddings/codebert/datasets__java__348.java.pth,./embeddings/bert/datasets__java__348.java.pth,4,4,4,4,4,2
datasets/java/324.java,4,./embeddings/codebert/datasets__java__324.java.pth,./embeddings/bert/datasets__java__324.java.pth,4,4,4,4,4,2
datasets/java/969.java,2,./embeddings/codebert/datasets__java__969.java.pth,./embeddings/bert/datasets__java__969.java.pth,2,2,3,2,2,2
datasets/java/237.java,4,./embeddings/codebert/datasets__java__237.java.pth,./embeddings/bert/datasets__java__237.java.pth,4,4,3,4,4,2
datasets/java/73.java,4,./embeddings/codebert/datasets__java__73.java.pth,./embeddings/bert/datasets__java__73.java.pth,4,4,4,4,4,3
datasets/py/graphs/kahns_algorithm_topo.py,2,./embeddings/codebert/datasets__py__graphs__kahns_algorithm_topo.py.pth,./embeddings/bert/datasets__py__graphs__kahns_algorithm_topo.py.pth,2,2,2,2,2,2
datasets/java/325.java,4,./embeddings/codebert/datasets__java__325.java.pth,./embeddings/bert/datasets__java__325.java.pth,4,4,2,4,4,2
datasets/java/311.java,4,./embeddings/codebert/datasets__java__311.java.pth,./embeddings/bert/datasets__java__311.java.pth,4,4,3,4,4,2
datasets/java/419.java,2,./embeddings/codebert/datasets__java__419.java.pth,./embeddings/bert/datasets__java__419.java.pth,2,2,2,2,2,2
datasets/c/searching/linear_search.c,2,./embeddings/codebert/datasets__c__searching__linear_search.c.pth,./embeddings/bert/datasets__c__searching__linear_search.c.pth,2,2,2,2,2,2
datasets/java/1009.java,2,./embeddings/codebert/datasets__java__1009.java.pth,./embeddings/bert/datasets__java__1009.java.pth,2,2,2,2,2,2
datasets/java/502.java,3,./embeddings/codebert/datasets__java__502.java.pth,./embeddings/bert/datasets__java__502.java.pth,3,3,3,3,3,3
datasets/java/74.java,4,./embeddings/codebert/datasets__java__74.java.pth,./embeddings/bert/datasets__java__74.java.pth,4,4,4,4,4,4
datasets/java/940.java,2,./embeddings/codebert/datasets__java__940.java.pth,./embeddings/bert/datasets__java__940.java.pth,2,2,2,2,2,2
datasets/java/569.java,2,./embeddings/codebert/datasets__java__569.java.pth,./embeddings/bert/datasets__java__569.java.pth,2,2,2,2,2,2
datasets/py/data_structures/hashing/hash_table_with_linked_list.py,2,./embeddings/codebert/datasets__py__data_structures__hashing__hash_table_with_linked_list.py.pth,./embeddings/bert/datasets__py__data_structures__hashing__hash_table_with_linked_list.py.pth,2,2,2,2,2,2
datasets/java/251.java,4,./embeddings/codebert/datasets__java__251.java.pth,./embeddings/bert/datasets__java__251.java.pth,4,4,4,4,4,2
datasets/java/434.java,2,./embeddings/codebert/datasets__java__434.java.pth,./embeddings/bert/datasets__java__434.java.pth,2,2,2,2,2,2
datasets/py/greedy_methods/minimum_waiting_time.py,3,./embeddings/codebert/datasets__py__greedy_methods__minimum_waiting_time.py.pth,./embeddings/bert/datasets__py__greedy_methods__minimum_waiting_time.py.pth,3,3,3,3,3,2
datasets/cpp/others/decimal_to_binary.cpp,1,./embeddings/codebert/datasets__cpp__others__decimal_to_binary.cpp.pth,./embeddings/bert/datasets__cpp__others__decimal_to_binary.cpp.pth,1,1,2,1,1,2
datasets/java/1131.java,0,./embeddings/codebert/datasets__java__1131.java.pth,./embeddings/bert/datasets__java__1131.java.pth,0,0,2,0,0,0
datasets/java/1122.java,0,./embeddings/codebert/datasets__java__1122.java.pth,./embeddings/bert/datasets__java__1122.java.pth,0,0,2,0,0,0
datasets/java/285.java,4,./embeddings/codebert/datasets__java__285.java.pth,./embeddings/bert/datasets__java__285.java.pth,4,4,4,4,4,4
datasets/java/297.java,2,./embeddings/codebert/datasets__java__297.java.pth,./embeddings/bert/datasets__java__297.java.pth,2,2,2,2,2,2
datasets/java/1004.java,2,./embeddings/codebert/datasets__java__1004.java.pth,./embeddings/bert/datasets__java__1004.java.pth,2,2,4,2,2,2
datasets/java/28.java,2,./embeddings/codebert/datasets__java__28.java.pth,./embeddings/bert/datasets__java__28.java.pth,2,2,2,2,2,2
datasets/java/46.java,3,./embeddings/codebert/datasets__java__46.java.pth,./embeddings/bert/datasets__java__46.java.pth,3,3,3,3,3,4
datasets/java/322.java,4,./embeddings/codebert/datasets__java__322.java.pth,./embeddings/bert/datasets__java__322.java.pth,4,4,4,4,4,2
datasets/cpp/others/buzz_number.cpp,0,./embeddings/codebert/datasets__cpp__others__buzz_number.cpp.pth,./embeddings/bert/datasets__cpp__others__buzz_number.cpp.pth,0,0,0,0,0,0
datasets/java/1117.java,0,./embeddings/codebert/datasets__java__1117.java.pth,./embeddings/bert/datasets__java__1117.java.pth,0,0,2,0,0,2
datasets/java/928.java,4,./embeddings/codebert/datasets__java__928.java.pth,./embeddings/bert/datasets__java__928.java.pth,4,4,2,4,4,4
datasets/java/271.java,4,./embeddings/codebert/datasets__java__271.java.pth,./embeddings/bert/datasets__java__271.java.pth,4,4,4,4,4,2
datasets/java/284.java,2,./embeddings/codebert/datasets__java__284.java.pth,./embeddings/bert/datasets__java__284.java.pth,2,2,2,2,2,2
datasets/java/61.java,4,./embeddings/codebert/datasets__java__61.java.pth,./embeddings/bert/datasets__java__61.java.pth,4,4,4,4,4,2
datasets/java/69.java,2,./embeddings/codebert/datasets__java__69.java.pth,./embeddings/bert/datasets__java__69.java.pth,2,2,2,2,2,2
datasets/java/26.java,4,./embeddings/codebert/datasets__java__26.java.pth,./embeddings/bert/datasets__java__26.java.pth,4,4,4,4,4,4
datasets/java/825.java,2,./embeddings/codebert/datasets__java__825.java.pth,./embeddings/bert/datasets__java__825.java.pth,2,2,2,2,2,2
datasets/java/262.java,0,./embeddings/codebert/datasets__java__262.java.pth,./embeddings/bert/datasets__java__262.java.pth,0,0,0,0,0,0
datasets/java/771.java,2,./embeddings/codebert/datasets__java__771.java.pth,./embeddings/bert/datasets__java__771.java.pth,2,2,0,2,2,2
datasets/java/863.java,4,./embeddings/codebert/datasets__java__863.java.pth,./embeddings/bert/datasets__java__863.java.pth,4,4,3,4,4,2
datasets/java/589.java,2,./embeddings/codebert/datasets__java__589.java.pth,./embeddings/bert/datasets__java__589.java.pth,2,2,2,2,2,2
datasets/java/218.java,1,./embeddings/codebert/datasets__java__218.java.pth,./embeddings/bert/datasets__java__218.java.pth,1,1,2,1,1,2
datasets/java/513.java,1,./embeddings/codebert/datasets__java__513.java.pth,./embeddings/bert/datasets__java__513.java.pth,1,1,1,1,1,4
datasets/java/758.java,2,./embeddings/codebert/datasets__java__758.java.pth,./embeddings/bert/datasets__java__758.java.pth,2,2,2,2,2,2
datasets/java/684.java,3,./embeddings/codebert/datasets__java__684.java.pth,./embeddings/bert/datasets__java__684.java.pth,3,3,2,3,3,2
datasets/java/634.java,4,./embeddings/codebert/datasets__java__634.java.pth,./embeddings/bert/datasets__java__634.java.pth,4,4,4,4,4,2
datasets/java/645.java,0,./embeddings/codebert/datasets__java__645.java.pth,./embeddings/bert/datasets__java__645.java.pth,0,0,2,0,0,0
datasets/java/554.java,2,./embeddings/codebert/datasets__java__554.java.pth,./embeddings/bert/datasets__java__554.java.pth,2,2,2,2,2,2
datasets/java/477.java,3,./embeddings/codebert/datasets__java__477.java.pth,./embeddings/bert/datasets__java__477.java.pth,3,3,3,3,3,2
datasets/js/Sorts/SelectionSort.js,2,./embeddings/codebert/datasets__js__Sorts__SelectionSort.js.pth,./embeddings/bert/datasets__js__Sorts__SelectionSort.js.pth,2,2,2,2,2,2
datasets/java/344.java,4,./embeddings/codebert/datasets__java__344.java.pth,./embeddings/bert/datasets__java__344.java.pth,4,4,2,4,4,0
datasets/java/72.java,4,./embeddings/codebert/datasets__java__72.java.pth,./embeddings/bert/datasets__java__72.java.pth,4,4,2,4,4,2
datasets/java/356.java,2,./embeddings/codebert/datasets__java__356.java.pth,./embeddings/bert/datasets__java__356.java.pth,2,2,2,2,2,2
datasets/java/584.java,3,./embeddings/codebert/datasets__java__584.java.pth,./embeddings/bert/datasets__java__584.java.pth,3,3,2,3,3,3
datasets/java/482.java,3,./embeddings/codebert/datasets__java__482.java.pth,./embeddings/bert/datasets__java__482.java.pth,3,3,3,3,3,3
datasets/java/1029.java,2,./embeddings/codebert/datasets__java__1029.java.pth,./embeddings/bert/datasets__java__1029.java.pth,2,2,2,2,2,2
datasets/java/858.java,0,./embeddings/codebert/datasets__java__858.java.pth,./embeddings/bert/datasets__java__858.java.pth,0,0,0,0,0,0
datasets/java/1116.java,0,./embeddings/codebert/datasets__java__1116.java.pth,./embeddings/bert/datasets__java__1116.java.pth,0,0,2,0,0,2
datasets/java/1514.java,1,./embeddings/codebert/datasets__java__1514.java.pth,./embeddings/bert/datasets__java__1514.java.pth,1,1,4,1,1,4
datasets/java/1506.java,1,./embeddings/codebert/datasets__java__1506.java.pth,./embeddings/bert/datasets__java__1506.java.pth,1,1,2,1,1,2
datasets/java/689.java,3,./embeddings/codebert/datasets__java__689.java.pth,./embeddings/bert/datasets__java__689.java.pth,3,3,2,3,3,3
datasets/java/919.java,3,./embeddings/codebert/datasets__java__919.java.pth,./embeddings/bert/datasets__java__919.java.pth,3,3,2,3,3,3
datasets/java/968.java,2,./embeddings/codebert/datasets__java__968.java.pth,./embeddings/bert/datasets__java__968.java.pth,2,2,2,2,2,2
datasets/java/1147.java,0,./embeddings/codebert/datasets__java__1147.java.pth,./embeddings/bert/datasets__java__1147.java.pth,0,0,0,0,0,0
datasets/java/483.java,3,./embeddings/codebert/datasets__java__483.java.pth,./embeddings/bert/datasets__java__483.java.pth,3,3,3,3,3,3
datasets/java/1511.java,1,./embeddings/codebert/datasets__java__1511.java.pth,./embeddings/bert/datasets__java__1511.java.pth,1,1,2,1,1,2
datasets/java/116.java,3,./embeddings/codebert/datasets__java__116.java.pth,./embeddings/bert/datasets__java__116.java.pth,3,3,2,3,3,3
datasets/c/math/factorial.c,2,./embeddings/codebert/datasets__c__math__factorial.c.pth,./embeddings/bert/datasets__c__math__factorial.c.pth,2,2,2,2,2,2
datasets/java/299.java,2,./embeddings/codebert/datasets__java__299.java.pth,./embeddings/bert/datasets__java__299.java.pth,2,2,2,2,2,2
datasets/java/694.java,2,./embeddings/codebert/datasets__java__694.java.pth,./embeddings/bert/datasets__java__694.java.pth,2,2,2,2,2,2
datasets/cpp/dynamic_programming/fibonacci_bottom_up.cpp,2,./embeddings/codebert/datasets__cpp__dynamic_programming__fibonacci_bottom_up.cpp.pth,./embeddings/bert/datasets__cpp__dynamic_programming__fibonacci_bottom_up.cpp.pth,2,2,2,2,2,2
datasets/java/590.java,2,./embeddings/codebert/datasets__java__590.java.pth,./embeddings/bert/datasets__java__590.java.pth,2,2,2,2,2,2
datasets/java/410.java,2,./embeddings/codebert/datasets__java__410.java.pth,./embeddings/bert/datasets__java__410.java.pth,2,2,2,2,2,2
datasets/java/484.java,3,./embeddings/codebert/datasets__java__484.java.pth,./embeddings/bert/datasets__java__484.java.pth,3,3,3,3,3,3
datasets/java/77.java,2,./embeddings/codebert/datasets__java__77.java.pth,./embeddings/bert/datasets__java__77.java.pth,2,2,3,2,2,2
datasets/java/1006.java,2,./embeddings/codebert/datasets__java__1006.java.pth,./embeddings/bert/datasets__java__1006.java.pth,2,2,2,2,2,2
datasets/java/57.java,2,./embeddings/codebert/datasets__java__57.java.pth,./embeddings/bert/datasets__java__57.java.pth,2,2,3,2,2,2
datasets/java/426.java,2,./embeddings/codebert/datasets__java__426.java.pth,./embeddings/bert/datasets__java__426.java.pth,2,2,2,2,2,2
datasets/java/1154.java,0,./embeddings/codebert/datasets__java__1154.java.pth,./embeddings/bert/datasets__java__1154.java.pth,0,0,0,0,0,0
datasets/py/sorts/pancake_sort.py,4,./embeddings/codebert/datasets__py__sorts__pancake_sort.py.pth,./embeddings/bert/datasets__py__sorts__pancake_sort.py.pth,4,4,4,4,4,2
datasets/java/977.java,2,./embeddings/codebert/datasets__java__977.java.pth,./embeddings/bert/datasets__java__977.java.pth,2,2,2,2,2,2
datasets/java/637.java,2,./embeddings/codebert/datasets__java__637.java.pth,./embeddings/bert/datasets__java__637.java.pth,2,2,2,2,2,4
datasets/java/515.java,2,./embeddings/codebert/datasets__java__515.java.pth,./embeddings/bert/datasets__java__515.java.pth,2,2,1,2,2,2
datasets/java/794.java,1,./embeddings/codebert/datasets__java__794.java.pth,./embeddings/bert/datasets__java__794.java.pth,1,1,1,1,1,2
datasets/java/963.java,2,./embeddings/codebert/datasets__java__963.java.pth,./embeddings/bert/datasets__java__963.java.pth,2,2,2,2,2,2
datasets/java/321.java,2,./embeddings/codebert/datasets__java__321.java.pth,./embeddings/bert/datasets__java__321.java.pth,2,2,2,2,2,2
datasets/java/651.java,3,./embeddings/codebert/datasets__java__651.java.pth,./embeddings/bert/datasets__java__651.java.pth,3,3,0,3,3,3
datasets/py/greedy_methods/best_time_to_buy_and_sell_stock.py,2,./embeddings/codebert/datasets__py__greedy_methods__best_time_to_buy_and_sell_stock.py.pth,./embeddings/bert/datasets__py__greedy_methods__best_time_to_buy_and_sell_stock.py.pth,2,2,2,2,2,1
datasets/cpp/operations_on_datastructures/get_size_of_linked_list.cpp,2,./embeddings/codebert/datasets__cpp__operations_on_datastructures__get_size_of_linked_list.cpp.pth,./embeddings/bert/datasets__cpp__operations_on_datastructures__get_size_of_linked_list.cpp.pth,2,2,2,2,2,2
datasets/java/1026.java,2,./embeddings/codebert/datasets__java__1026.java.pth,./embeddings/bert/datasets__java__1026.java.pth,2,2,2,2,2,0
datasets/java/373.java,4,./embeddings/codebert/datasets__java__373.java.pth,./embeddings/bert/datasets__java__373.java.pth,4,4,4,4,4,2
datasets/java/1100.java,0,./embeddings/codebert/datasets__java__1100.java.pth,./embeddings/bert/datasets__java__1100.java.pth,0,0,2,0,0,2
datasets/java/655.java,4,./embeddings/codebert/datasets__java__655.java.pth,./embeddings/bert/datasets__java__655.java.pth,4,4,2,4,4,2
datasets/java/372.java,4,./embeddings/codebert/datasets__java__372.java.pth,./embeddings/bert/datasets__java__372.java.pth,4,4,2,4,4,4
datasets/java/1129.java,0,./embeddings/codebert/datasets__java__1129.java.pth,./embeddings/bert/datasets__java__1129.java.pth,0,0,0,0,0,2
datasets/java/517.java,2,./embeddings/codebert/datasets__java__517.java.pth,./embeddings/bert/datasets__java__517.java.pth,2,2,2,2,2,3
datasets/java/605.java,3,./embeddings/codebert/datasets__java__605.java.pth,./embeddings/bert/datasets__java__605.java.pth,3,3,2,3,3,3
datasets/java/41.java,3,./embeddings/codebert/datasets__java__41.java.pth,./embeddings/bert/datasets__java__41.java.pth,3,3,0,3,3,2
datasets/cpp/probability/bayes_theorem.cpp,0,./embeddings/codebert/datasets__cpp__probability__bayes_theorem.cpp.pth,./embeddings/bert/datasets__cpp__probability__bayes_theorem.cpp.pth,0,0,0,0,0,0
datasets/java/1016.java,4,./embeddings/codebert/datasets__java__1016.java.pth,./embeddings/bert/datasets__java__1016.java.pth,4,4,4,4,4,4
datasets/java/1023.java,2,./embeddings/codebert/datasets__java__1023.java.pth,./embeddings/bert/datasets__java__1023.java.pth,2,2,2,2,2,2
datasets/java/39.java,2,./embeddings/codebert/datasets__java__39.java.pth,./embeddings/bert/datasets__java__39.java.pth,2,2,2,2,2,2
datasets/java/719.java,2,./embeddings/codebert/datasets__java__719.java.pth,./embeddings/bert/datasets__java__719.java.pth,2,2,4,2,2,2
datasets/java/734.java,4,./embeddings/codebert/datasets__java__734.java.pth,./embeddings/bert/datasets__java__734.java.pth,4,4,2,4,4,2
datasets/java/199.java,4,./embeddings/codebert/datasets__java__199.java.pth,./embeddings/bert/datasets__java__199.java.pth,4,4,2,4,4,0
datasets/java/431.java,2,./embeddings/codebert/datasets__java__431.java.pth,./embeddings/bert/datasets__java__431.java.pth,2,2,2,2,2,2
datasets/js/Trees/FenwickTree.js,1,./embeddings/codebert/datasets__js__Trees__FenwickTree.js.pth,./embeddings/bert/datasets__js__Trees__FenwickTree.js.pth,1,1,3,1,1,2
datasets/c/searching/linear_search.c,2,./embeddings/codebert/datasets__c__searching__linear_search.c.pth,./embeddings/bert/datasets__c__searching__linear_search.c.pth,2,2,2,2,2,2
datasets/py/sorts/bogo_sort.py,0,./embeddings/codebert/datasets__py__sorts__bogo_sort.py.pth,./embeddings/bert/datasets__py__sorts__bogo_sort.py.pth,0,0,2,0,0,2
datasets/java/120.java,4,./embeddings/codebert/datasets__java__120.java.pth,./embeddings/bert/datasets__java__120.java.pth,4,4,4,4,4,0
datasets/java/366.java,4,./embeddings/codebert/datasets__java__366.java.pth,./embeddings/bert/datasets__java__366.java.pth,4,4,2,4,4,4
datasets/java/63.java,0,./embeddings/codebert/datasets__java__63.java.pth,./embeddings/bert/datasets__java__63.java.pth,0,0,2,0,0,2
datasets/java/479.java,2,./embeddings/codebert/datasets__java__479.java.pth,./embeddings/bert/datasets__java__479.java.pth,2,2,3,2,2,2
datasets/java/528.java,2,./embeddings/codebert/datasets__java__528.java.pth,./embeddings/bert/datasets__java__528.java.pth,2,2,2,2,2,2
datasets/java/295.java,4,./embeddings/codebert/datasets__java__295.java.pth,./embeddings/bert/datasets__java__295.java.pth,4,4,2,4,4,4
datasets/java/586.java,3,./embeddings/codebert/datasets__java__586.java.pth,./embeddings/bert/datasets__java__586.java.pth,3,3,3,3,3,2
datasets/java/108.java,3,./embeddings/codebert/datasets__java__108.java.pth,./embeddings/bert/datasets__java__108.java.pth,3,3,3,3,3,2
datasets/java/617.java,2,./embeddings/codebert/datasets__java__617.java.pth,./embeddings/bert/datasets__java__617.java.pth,2,2,3,2,2,2
datasets/js/Sorts/SimplifiedWiggleSort.js,2,./embeddings/codebert/datasets__js__Sorts__SimplifiedWiggleSort.js.pth,./embeddings/bert/datasets__js__Sorts__SimplifiedWiggleSort.js.pth,2,2,2,2,2,2
datasets/java/559.java,2,./embeddings/codebert/datasets__java__559.java.pth,./embeddings/bert/datasets__java__559.java.pth,2,2,2,2,2,2
datasets/java/354.java,2,./embeddings/codebert/datasets__java__354.java.pth,./embeddings/bert/datasets__java__354.java.pth,2,2,2,2,2,2
datasets/java/687.java,2,./embeddings/codebert/datasets__java__687.java.pth,./embeddings/bert/datasets__java__687.java.pth,2,2,2,2,2,2
datasets/java/883.java,2,./embeddings/codebert/datasets__java__883.java.pth,./embeddings/bert/datasets__java__883.java.pth,2,2,2,2,2,0
datasets/java/1180.java,0,./embeddings/codebert/datasets__java__1180.java.pth,./embeddings/bert/datasets__java__1180.java.pth,0,0,2,0,0,2
datasets/java/370.java,4,./embeddings/codebert/datasets__java__370.java.pth,./embeddings/bert/datasets__java__370.java.pth,4,4,4,4,4,0
datasets/java/412.java,2,./embeddings/codebert/datasets__java__412.java.pth,./embeddings/bert/datasets__java__412.java.pth,2,2,2,2,2,2
datasets/java/660.java,2,./embeddings/codebert/datasets__java__660.java.pth,./embeddings/bert/datasets__java__660.java.pth,2,2,2,2,2,2
datasets/java/91.java,2,./embeddings/codebert/datasets__java__91.java.pth,./embeddings/bert/datasets__java__91.java.pth,2,2,2,2,2,2
datasets/java/115.java,4,./embeddings/codebert/datasets__java__115.java.pth,./embeddings/bert/datasets__java__115.java.pth,4,4,4,4,4,2
datasets/java/1191.java,0,./embeddings/codebert/datasets__java__1191.java.pth,./embeddings/bert/datasets__java__1191.java.pth,0,0,2,0,0,4
datasets/java/1501.java,1,./embeddings/codebert/datasets__java__1501.java.pth,./embeddings/bert/datasets__java__1501.java.pth,1,1,2,1,1,2
datasets/java/18.java,4,./embeddings/codebert/datasets__java__18.java.pth,./embeddings/bert/datasets__java__18.java.pth,4,4,2,4,4,2
datasets/java/886.java,2,./embeddings/codebert/datasets__java__886.java.pth,./embeddings/bert/datasets__java__886.java.pth,2,2,2,2,2,2
datasets/java/923.java,0,./embeddings/codebert/datasets__java__923.java.pth,./embeddings/bert/datasets__java__923.java.pth,0,0,0,0,0,2
datasets/java/498.java,3,./embeddings/codebert/datasets__java__498.java.pth,./embeddings/bert/datasets__java__498.java.pth,3,3,3,3,3,2
datasets/java/532.java,2,./embeddings/codebert/datasets__java__532.java.pth,./embeddings/bert/datasets__java__532.java.pth,2,2,4,2,2,2
datasets/java/552.java,2,./embeddings/codebert/datasets__java__552.java.pth,./embeddings/bert/datasets__java__552.java.pth,2,2,0,2,2,2
datasets/java/804.java,0,./embeddings/codebert/datasets__java__804.java.pth,./embeddings/bert/datasets__java__804.java.pth,0,0,0,0,0,0
datasets/java/672.java,2,./embeddings/codebert/datasets__java__672.java.pth,./embeddings/bert/datasets__java__672.java.pth,2,2,2,2,2,2
datasets/java/49.java,2,./embeddings/codebert/datasets__java__49.java.pth,./embeddings/bert/datasets__java__49.java.pth,2,2,3,2,2,2
datasets/java/1101.java,0,./embeddings/codebert/datasets__java__1101.java.pth,./embeddings/bert/datasets__java__1101.java.pth,0,0,0,0,0,2
datasets/java/877.java,4,./embeddings/codebert/datasets__java__877.java.pth,./embeddings/bert/datasets__java__877.java.pth,4,4,0,4,4,0
datasets/java/615.java,0,./embeddings/codebert/datasets__java__615.java.pth,./embeddings/bert/datasets__java__615.java.pth,0,0,2,0,0,2
datasets/cpp/others/happy_number.cpp,1,./embeddings/codebert/datasets__cpp__others__happy_number.cpp.pth,./embeddings/bert/datasets__cpp__others__happy_number.cpp.pth,1,1,1,1,1,1
datasets/java/582.java,2,./embeddings/codebert/datasets__java__582.java.pth,./embeddings/bert/datasets__java__582.java.pth,2,2,2,2,2,2
datasets/java/703.java,4,./embeddings/codebert/datasets__java__703.java.pth,./embeddings/bert/datasets__java__703.java.pth,4,4,4,4,4,2
datasets/java/896.java,2,./embeddings/codebert/datasets__java__896.java.pth,./embeddings/bert/datasets__java__896.java.pth,2,2,2,2,2,2
datasets/java/109.java,2,./embeddings/codebert/datasets__java__109.java.pth,./embeddings/bert/datasets__java__109.java.pth,2,2,2,2,2,2
datasets/java/713.java,2,./embeddings/codebert/datasets__java__713.java.pth,./embeddings/bert/datasets__java__713.java.pth,2,2,2,2,2,2
datasets/java/781.java,0,./embeddings/codebert/datasets__java__781.java.pth,./embeddings/bert/datasets__java__781.java.pth,0,0,2,0,0,0
datasets/java/340.java,4,./embeddings/codebert/datasets__java__340.java.pth,./embeddings/bert/datasets__java__340.java.pth,4,4,4,4,4,3
datasets/java/546.java,3,./embeddings/codebert/datasets__java__546.java.pth,./embeddings/bert/datasets__java__546.java.pth,3,3,0,3,3,2
datasets/java/1134.java,0,./embeddings/codebert/datasets__java__1134.java.pth,./embeddings/bert/datasets__java__1134.java.pth,0,0,0,0,0,2
datasets/java/529.java,1,./embeddings/codebert/datasets__java__529.java.pth,./embeddings/bert/datasets__java__529.java.pth,1,1,1,1,1,1
datasets/java/904.java,3,./embeddings/codebert/datasets__java__904.java.pth,./embeddings/bert/datasets__java__904.java.pth,3,3,0,3,3,0
datasets/java/442.java,2,./embeddings/codebert/datasets__java__442.java.pth,./embeddings/bert/datasets__java__442.java.pth,2,2,2,2,2,2
datasets/java/492.java,0,./embeddings/codebert/datasets__java__492.java.pth,./embeddings/bert/datasets__java__492.java.pth,0,0,2,0,0,3
datasets/java/662.java,2,./embeddings/codebert/datasets__java__662.java.pth,./embeddings/bert/datasets__java__662.java.pth,2,2,2,2,2,2
datasets/java/229.java,4,./embeddings/codebert/datasets__java__229.java.pth,./embeddings/bert/datasets__java__229.java.pth,4,4,4,4,4,1
datasets/java/217.java,0,./embeddings/codebert/datasets__java__217.java.pth,./embeddings/bert/datasets__java__217.java.pth,0,0,2,0,0,0
datasets/java/763.java,2,./embeddings/codebert/datasets__java__763.java.pth,./embeddings/bert/datasets__java__763.java.pth,2,2,2,2,2,2
datasets/java/429.java,2,./embeddings/codebert/datasets__java__429.java.pth,./embeddings/bert/datasets__java__429.java.pth,2,2,2,2,2,2
datasets/java/696.java,2,./embeddings/codebert/datasets__java__696.java.pth,./embeddings/bert/datasets__java__696.java.pth,2,2,2,2,2,0
datasets/java/813.java,0,./embeddings/codebert/datasets__java__813.java.pth,./embeddings/bert/datasets__java__813.java.pth,0,0,0,0,0,0
datasets/java/946.java,2,./embeddings/codebert/datasets__java__946.java.pth,./embeddings/bert/datasets__java__946.java.pth,2,2,2,2,2,2
datasets/java/375.java,4,./embeddings/codebert/datasets__java__375.java.pth,./embeddings/bert/datasets__java__375.java.pth,4,4,4,4,4,2
datasets/java/409.java,2,./embeddings/codebert/datasets__java__409.java.pth,./embeddings/bert/datasets__java__409.java.pth,2,2,2,2,2,2
datasets/java/978.java,2,./embeddings/codebert/datasets__java__978.java.pth,./embeddings/bert/datasets__java__978.java.pth,2,2,2,2,2,2
datasets/java/425.java,2,./embeddings/codebert/datasets__java__425.java.pth,./embeddings/bert/datasets__java__425.java.pth,2,2,2,2,2,2
datasets/py/sorts/quick_sort.py,3,./embeddings/codebert/datasets__py__sorts__quick_sort.py.pth,./embeddings/bert/datasets__py__sorts__quick_sort.py.pth,3,3,2,3,3,3
datasets/java/282.java,2,./embeddings/codebert/datasets__java__282.java.pth,./embeddings/bert/datasets__java__282.java.pth,2,2,4,2,2,2
datasets/java/254.java,4,./embeddings/codebert/datasets__java__254.java.pth,./embeddings/bert/datasets__java__254.java.pth,4,4,0,4,4,0
datasets/java/826.java,4,./embeddings/codebert/datasets__java__826.java.pth,./embeddings/bert/datasets__java__826.java.pth,4,4,2,4,4,2
datasets/java/275.java,2,./embeddings/codebert/datasets__java__275.java.pth,./embeddings/bert/datasets__java__275.java.pth,2,2,2,2,2,2
datasets/java/351.java,2,./embeddings/codebert/datasets__java__351.java.pth,./embeddings/bert/datasets__java__351.java.pth,2,2,2,2,2,4
datasets/java/1119.java,0,./embeddings/codebert/datasets__java__1119.java.pth,./embeddings/bert/datasets__java__1119.java.pth,0,0,2,0,0,0
datasets/java/481.java,2,./embeddings/codebert/datasets__java__481.java.pth,./embeddings/bert/datasets__java__481.java.pth,2,2,2,2,2,2
datasets/java/836.java,2,./embeddings/codebert/datasets__java__836.java.pth,./embeddings/bert/datasets__java__836.java.pth,2,2,2,2,2,2
datasets/js/Sorts/GnomeSort.js,4,./embeddings/codebert/datasets__js__Sorts__GnomeSort.js.pth,./embeddings/bert/datasets__js__Sorts__GnomeSort.js.pth,4,4,4,4,4,4
datasets/java/357.java,4,./embeddings/codebert/datasets__java__357.java.pth,./embeddings/bert/datasets__java__357.java.pth,4,4,4,4,4,4
datasets/java/606.java,3,./embeddings/codebert/datasets__java__606.java.pth,./embeddings/bert/datasets__java__606.java.pth,3,3,0,3,3,2
datasets/py/sorts/pigeonhole_sort.py,2,./embeddings/codebert/datasets__py__sorts__pigeonhole_sort.py.pth,./embeddings/bert/datasets__py__sorts__pigeonhole_sort.py.pth,2,2,2,2,2,2
datasets/java/415.java,2,./embeddings/codebert/datasets__java__415.java.pth,./embeddings/bert/datasets__java__415.java.pth,2,2,2,2,2,2
datasets/java/829.java,2,./embeddings/codebert/datasets__java__829.java.pth,./embeddings/bert/datasets__java__829.java.pth,2,2,2,2,2,0
datasets/java/346.java,4,./embeddings/codebert/datasets__java__346.java.pth,./embeddings/bert/datasets__java__346.java.pth,4,4,4,4,4,0
datasets/java/314.java,4,./embeddings/codebert/datasets__java__314.java.pth,./embeddings/bert/datasets__java__314.java.pth,4,4,4,4,4,4
datasets/java/998.java,2,./embeddings/codebert/datasets__java__998.java.pth,./embeddings/bert/datasets__java__998.java.pth,2,2,2,2,2,2
datasets/java/683.java,2,./embeddings/codebert/datasets__java__683.java.pth,./embeddings/bert/datasets__java__683.java.pth,2,2,2,2,2,2
datasets/java/269.java,2,./embeddings/codebert/datasets__java__269.java.pth,./embeddings/bert/datasets__java__269.java.pth,2,2,2,2,2,2
datasets/java/258.java,4,./embeddings/codebert/datasets__java__258.java.pth,./embeddings/bert/datasets__java__258.java.pth,4,4,0,4,4,2
datasets/java/32.java,2,./embeddings/codebert/datasets__java__32.java.pth,./embeddings/bert/datasets__java__32.java.pth,2,2,2,2,2,2
datasets/java/999.java,2,./embeddings/codebert/datasets__java__999.java.pth,./embeddings/bert/datasets__java__999.java.pth,2,2,0,2,2,0
datasets/py/dynamic_programming/factorial.py,2,./embeddings/codebert/datasets__py__dynamic_programming__factorial.py.pth,./embeddings/bert/datasets__py__dynamic_programming__factorial.py.pth,2,2,2,2,2,2
datasets/java/892.java,2,./embeddings/codebert/datasets__java__892.java.pth,./embeddings/bert/datasets__java__892.java.pth,2,2,2,2,2,2
datasets/java/602.java,0,./embeddings/codebert/datasets__java__602.java.pth,./embeddings/bert/datasets__java__602.java.pth,0,0,0,0,0,0
datasets/java/856.java,2,./embeddings/codebert/datasets__java__856.java.pth,./embeddings/bert/datasets__java__856.java.pth,2,2,2,2,2,2
datasets/java/367.java,4,./embeddings/codebert/datasets__java__367.java.pth,./embeddings/bert/datasets__java__367.java.pth,4,4,2,4,4,4
datasets/java/55.java,2,./embeddings/codebert/datasets__java__55.java.pth,./embeddings/bert/datasets__java__55.java.pth,2,2,2,2,2,2
datasets/java/416.java,4,./embeddings/codebert/datasets__java__416.java.pth,./embeddings/bert/datasets__java__416.java.pth,4,4,2,4,4,2
datasets/java/475.java,3,./embeddings/codebert/datasets__java__475.java.pth,./embeddings/bert/datasets__java__475.java.pth,3,3,2,3,3,2
datasets/js/Sorts/StoogeSort.js,4,./embeddings/codebert/datasets__js__Sorts__StoogeSort.js.pth,./embeddings/bert/datasets__js__Sorts__StoogeSort.js.pth,4,4,4,4,4,2
datasets/java/252.java,4,./embeddings/codebert/datasets__java__252.java.pth,./embeddings/bert/datasets__java__252.java.pth,4,4,2,4,4,2
datasets/c/math/palindrome.c,1,./embeddings/codebert/datasets__c__math__palindrome.c.pth,./embeddings/bert/datasets__c__math__palindrome.c.pth,1,1,3,1,1,2
datasets/java/938.java,2,./embeddings/codebert/datasets__java__938.java.pth,./embeddings/bert/datasets__java__938.java.pth,2,2,2,2,2,2
datasets/java/1005.java,2,./embeddings/codebert/datasets__java__1005.java.pth,./embeddings/bert/datasets__java__1005.java.pth,2,2,2,2,2,2
datasets/java/1107.java,0,./embeddings/codebert/datasets__java__1107.java.pth,./embeddings/bert/datasets__java__1107.java.pth,0,0,2,0,0,0
datasets/java/97.java,2,./embeddings/codebert/datasets__java__97.java.pth,./embeddings/bert/datasets__java__97.java.pth,2,2,2,2,2,2
datasets/java/1138.java,0,./embeddings/codebert/datasets__java__1138.java.pth,./embeddings/bert/datasets__java__1138.java.pth,0,0,2,0,0,2
datasets/java/1182.java,0,./embeddings/codebert/datasets__java__1182.java.pth,./embeddings/bert/datasets__java__1182.java.pth,0,0,0,0,0,0
datasets/java/137.java,2,./embeddings/codebert/datasets__java__137.java.pth,./embeddings/bert/datasets__java__137.java.pth,2,2,2,2,2,2
datasets/java/869.java,2,./embeddings/codebert/datasets__java__869.java.pth,./embeddings/bert/datasets__java__869.java.pth,2,2,2,2,2,2
datasets/java/1170.java,1,./embeddings/codebert/datasets__java__1170.java.pth,./embeddings/bert/datasets__java__1170.java.pth,1,1,2,1,1,2
datasets/java/581.java,4,./embeddings/codebert/datasets__java__581.java.pth,./embeddings/bert/datasets__java__581.java.pth,4,4,4,4,4,4
datasets/py/dynamic_programming/abbreviation.py,4,./embeddings/codebert/datasets__py__dynamic_programming__abbreviation.py.pth,./embeddings/bert/datasets__py__dynamic_programming__abbreviation.py.pth,4,4,4,4,4,2
datasets/java/259.java,2,./embeddings/codebert/datasets__java__259.java.pth,./embeddings/bert/datasets__java__259.java.pth,2,2,2,2,2,2
datasets/java/981.java,2,./embeddings/codebert/datasets__java__981.java.pth,./embeddings/bert/datasets__java__981.java.pth,2,2,2,2,2,2
datasets/java/435.java,2,./embeddings/codebert/datasets__java__435.java.pth,./embeddings/bert/datasets__java__435.java.pth,2,2,2,2,2,0
datasets/java/355.java,2,./embeddings/codebert/datasets__java__355.java.pth,./embeddings/bert/datasets__java__355.java.pth,2,2,2,2,2,2
datasets/java/1127.java,0,./embeddings/codebert/datasets__java__1127.java.pth,./embeddings/bert/datasets__java__1127.java.pth,0,0,0,0,0,0
datasets/java/127.java,1,./embeddings/codebert/datasets__java__127.java.pth,./embeddings/bert/datasets__java__127.java.pth,1,1,2,1,1,2
datasets/java/1204.java,0,./embeddings/codebert/datasets__java__1204.java.pth,./embeddings/bert/datasets__java__1204.java.pth,0,0,0,0,0,0
datasets/java/686.java,4,./embeddings/codebert/datasets__java__686.java.pth,./embeddings/bert/datasets__java__686.java.pth,4,4,4,4,4,4
datasets/java/294.java,4,./embeddings/codebert/datasets__java__294.java.pth,./embeddings/bert/datasets__java__294.java.pth,4,4,2,4,4,2
datasets/java/512.java,1,./embeddings/codebert/datasets__java__512.java.pth,./embeddings/bert/datasets__java__512.java.pth,1,1,1,1,1,1
datasets/java/387.java,4,./embeddings/codebert/datasets__java__387.java.pth,./embeddings/bert/datasets__java__387.java.pth,4,4,2,4,4,2
datasets/java/1515.java,1,./embeddings/codebert/datasets__java__1515.java.pth,./embeddings/bert/datasets__java__1515.java.pth,1,1,1,1,1,4
datasets/java/104.java,4,./embeddings/codebert/datasets__java__104.java.pth,./embeddings/bert/datasets__java__104.java.pth,4,4,3,4,4,2
datasets/java/591.java,2,./embeddings/codebert/datasets__java__591.java.pth,./embeddings/bert/datasets__java__591.java.pth,2,2,2,2,2,0
datasets/java/9.java,2,./embeddings/codebert/datasets__java__9.java.pth,./embeddings/bert/datasets__java__9.java.pth,2,2,2,2,2,2
datasets/cpp/sorting/shell_sort.cpp,4,./embeddings/codebert/datasets__cpp__sorting__shell_sort.cpp.pth,./embeddings/bert/datasets__cpp__sorting__shell_sort.cpp.pth,4,4,3,4,4,2
datasets/java/81.java,2,./embeddings/codebert/datasets__java__81.java.pth,./embeddings/bert/datasets__java__81.java.pth,2,2,2,2,2,2
datasets/java/698.java,2,./embeddings/codebert/datasets__java__698.java.pth,./embeddings/bert/datasets__java__698.java.pth,2,2,2,2,2,2
datasets/java/753.java,2,./embeddings/codebert/datasets__java__753.java.pth,./embeddings/bert/datasets__java__753.java.pth,2,2,2,2,2,2
datasets/js/Sorts/ShellSort.js,4,./embeddings/codebert/datasets__js__Sorts__ShellSort.js.pth,./embeddings/bert/datasets__js__Sorts__ShellSort.js.pth,4,4,2,4,4,4
datasets/java/329.java,2,./embeddings/codebert/datasets__java__329.java.pth,./embeddings/bert/datasets__java__329.java.pth,2,2,2,2,2,2
datasets/java/965.java,2,./embeddings/codebert/datasets__java__965.java.pth,./embeddings/bert/datasets__java__965.java.pth,2,2,2,2,2,2
datasets/java/802.java,0,./embeddings/codebert/datasets__java__802.java.pth,./embeddings/bert/datasets__java__802.java.pth,0,0,0,0,0,0
datasets/java/507.java,2,./embeddings/codebert/datasets__java__507.java.pth,./embeddings/bert/datasets__java__507.java.pth,2,2,2,2,2,2
datasets/java/6.java,2,./embeddings/codebert/datasets__java__6.java.pth,./embeddings/bert/datasets__java__6.java.pth,2,2,2,2,2,2
datasets/java/1207.java,0,./embeddings/codebert/datasets__java__1207.java.pth,./embeddings/bert/datasets__java__1207.java.pth,0,0,0,0,0,0
datasets/java/117.java,4,./embeddings/codebert/datasets__java__117.java.pth,./embeddings/bert/datasets__java__117.java.pth,4,4,4,4,4,2
datasets/java/1022.java,2,./embeddings/codebert/datasets__java__1022.java.pth,./embeddings/bert/datasets__java__1022.java.pth,2,2,2,2,2,2
datasets/java/741.java,4,./embeddings/codebert/datasets__java__741.java.pth,./embeddings/bert/datasets__java__741.java.pth,4,4,2,4,4,2
datasets/java/144.java,4,./embeddings/codebert/datasets__java__144.java.pth,./embeddings/bert/datasets__java__144.java.pth,4,4,4,4,4,2
datasets/java/545.java,2,./embeddings/codebert/datasets__java__545.java.pth,./embeddings/bert/datasets__java__545.java.pth,2,2,1,2,2,2
datasets/java/65.java,2,./embeddings/codebert/datasets__java__65.java.pth,./embeddings/bert/datasets__java__65.java.pth,2,2,2,2,2,0
datasets/java/128.java,4,./embeddings/codebert/datasets__java__128.java.pth,./embeddings/bert/datasets__java__128.java.pth,4,4,4,4,4,4
datasets/java/67.java,2,./embeddings/codebert/datasets__java__67.java.pth,./embeddings/bert/datasets__java__67.java.pth,2,2,2,2,2,2
datasets/java/505.java,3,./embeddings/codebert/datasets__java__505.java.pth,./embeddings/bert/datasets__java__505.java.pth,3,3,3,3,3,3
datasets/java/506.java,2,./embeddings/codebert/datasets__java__506.java.pth,./embeddings/bert/datasets__java__506.java.pth,2,2,2,2,2,2
datasets/java/628.java,4,./embeddings/codebert/datasets__java__628.java.pth,./embeddings/bert/datasets__java__628.java.pth,4,4,4,4,4,2
datasets/java/25.java,4,./embeddings/codebert/datasets__java__25.java.pth,./embeddings/bert/datasets__java__25.java.pth,4,4,2,4,4,4
datasets/java/111.java,1,./embeddings/codebert/datasets__java__111.java.pth,./embeddings/bert/datasets__java__111.java.pth,1,1,2,1,1,1
datasets/java/326.java,3,./embeddings/codebert/datasets__java__326.java.pth,./embeddings/bert/datasets__java__326.java.pth,3,3,3,3,3,2
datasets/cpp/math/primes_up_to_billion.cpp,3,./embeddings/codebert/datasets__cpp__math__primes_up_to_billion.cpp.pth,./embeddings/bert/datasets__cpp__math__primes_up_to_billion.cpp.pth,3,3,4,3,3,4
datasets/js/Search/LinearSearch.js,2,./embeddings/codebert/datasets__js__Search__LinearSearch.js.pth,./embeddings/bert/datasets__js__Search__LinearSearch.js.pth,2,2,2,2,2,2
datasets/java/773.java,2,./embeddings/codebert/datasets__java__773.java.pth,./embeddings/bert/datasets__java__773.java.pth,2,2,2,2,2,2
datasets/cpp/others/stairs_pattern.cpp,2,./embeddings/codebert/datasets__cpp__others__stairs_pattern.cpp.pth,./embeddings/bert/datasets__cpp__others__stairs_pattern.cpp.pth,2,2,3,2,2,2
datasets/java/171.java,4,./embeddings/codebert/datasets__java__171.java.pth,./embeddings/bert/datasets__java__171.java.pth,4,4,2,4,4,2
datasets/py/sorts/recursive_quick_sort.py,3,./embeddings/codebert/datasets__py__sorts__recursive_quick_sort.py.pth,./embeddings/bert/datasets__py__sorts__recursive_quick_sort.py.pth,3,3,2,3,3,2
datasets/java/114.java,2,./embeddings/codebert/datasets__java__114.java.pth,./embeddings/bert/datasets__java__114.java.pth,2,2,2,2,2,2
datasets/java/851.java,2,./embeddings/codebert/datasets__java__851.java.pth,./embeddings/bert/datasets__java__851.java.pth,2,2,2,2,2,2
datasets/java/66.java,2,./embeddings/codebert/datasets__java__66.java.pth,./embeddings/bert/datasets__java__66.java.pth,2,2,2,2,2,2
datasets/java/1120.java,0,./embeddings/codebert/datasets__java__1120.java.pth,./embeddings/bert/datasets__java__1120.java.pth,0,0,0,0,0,2
datasets/java/1173.java,0,./embeddings/codebert/datasets__java__1173.java.pth,./embeddings/bert/datasets__java__1173.java.pth,0,0,0,0,0,0
datasets/java/278.java,4,./embeddings/codebert/datasets__java__278.java.pth,./embeddings/bert/datasets__java__278.java.pth,4,4,2,4,4,2
datasets/java/476.java,3,./embeddings/codebert/datasets__java__476.java.pth,./embeddings/bert/datasets__java__476.java.pth,3,3,3,3,3,2
datasets/java/408.java,2,./embeddings/codebert/datasets__java__408.java.pth,./embeddings/bert/datasets__java__408.java.pth,2,2,2,2,2,2
datasets/java/125.java,1,./embeddings/codebert/datasets__java__125.java.pth,./embeddings/bert/datasets__java__125.java.pth,1,1,1,1,1,2
datasets/java/291.java,2,./embeddings/codebert/datasets__java__291.java.pth,./embeddings/bert/datasets__java__291.java.pth,2,2,2,2,2,2
datasets/java/68.java,4,./embeddings/codebert/datasets__java__68.java.pth,./embeddings/bert/datasets__java__68.java.pth,4,4,2,4,4,0
datasets/java/971.java,2,./embeddings/codebert/datasets__java__971.java.pth,./embeddings/bert/datasets__java__971.java.pth,2,2,2,2,2,2
datasets/java/10.java,3,./embeddings/codebert/datasets__java__10.java.pth,./embeddings/bert/datasets__java__10.java.pth,3,3,2,3,3,2
datasets/java/48.java,3,./embeddings/codebert/datasets__java__48.java.pth,./embeddings/bert/datasets__java__48.java.pth,3,3,2,3,3,2
datasets/java/500.java,2,./embeddings/codebert/datasets__java__500.java.pth,./embeddings/bert/datasets__java__500.java.pth,2,2,2,2,2,2
datasets/java/405.java,2,./embeddings/codebert/datasets__java__405.java.pth,./embeddings/bert/datasets__java__405.java.pth,2,2,2,2,2,2
datasets/java/846.java,2,./embeddings/codebert/datasets__java__846.java.pth,./embeddings/bert/datasets__java__846.java.pth,2,2,0,2,2,2
datasets/java/353.java,2,./embeddings/codebert/datasets__java__353.java.pth,./embeddings/bert/datasets__java__353.java.pth,2,2,2,2,2,2
datasets/java/272.java,2,./embeddings/codebert/datasets__java__272.java.pth,./embeddings/bert/datasets__java__272.java.pth,2,2,2,2,2,2
datasets/cpp/numerical_methods/successive_approximation.cpp,2,./embeddings/codebert/datasets__cpp__numerical_methods__successive_approximation.cpp.pth,./embeddings/bert/datasets__cpp__numerical_methods__successive_approximation.cpp.pth,2,2,2,2,2,4
datasets/java/1124.java,0,./embeddings/codebert/datasets__java__1124.java.pth,./embeddings/bert/datasets__java__1124.java.pth,0,0,0,0,0,0
datasets/java/307.java,4,./embeddings/codebert/datasets__java__307.java.pth,./embeddings/bert/datasets__java__307.java.pth,4,4,4,4,4,4
datasets/java/837.java,2,./embeddings/codebert/datasets__java__837.java.pth,./embeddings/bert/datasets__java__837.java.pth,2,2,2,2,2,2
datasets/js/Graphs/BreadthFirstSearch.js,2,./embeddings/codebert/datasets__js__Graphs__BreadthFirstSearch.js.pth,./embeddings/bert/datasets__js__Graphs__BreadthFirstSearch.js.pth,2,2,2,2,2,2
datasets/java/685.java,2,./embeddings/codebert/datasets__java__685.java.pth,./embeddings/bert/datasets__java__685.java.pth,2,2,2,2,2,2
datasets/js/Sorts/QuickSort.js,3,./embeddings/codebert/datasets__js__Sorts__QuickSort.js.pth,./embeddings/bert/datasets__js__Sorts__QuickSort.js.pth,3,3,2,3,3,2
datasets/java/4.java,2,./embeddings/codebert/datasets__java__4.java.pth,./embeddings/bert/datasets__java__4.java.pth,2,2,2,2,2,2
datasets/java/136.java,3,./embeddings/codebert/datasets__java__136.java.pth,./embeddings/bert/datasets__java__136.java.pth,3,3,2,3,3,2
datasets/java/504.java,3,./embeddings/codebert/datasets__java__504.java.pth,./embeddings/bert/datasets__java__504.java.pth,3,3,3,3,3,3
datasets/java/34.java,2,./embeddings/codebert/datasets__java__34.java.pth,./embeddings/bert/datasets__java__34.java.pth,2,2,2,2,2,2
datasets/java/368.java,4,./embeddings/codebert/datasets__java__368.java.pth,./embeddings/bert/datasets__java__368.java.pth,4,4,2,4,4,0
datasets/cpp/others/decimal_to_hexadecimal.cpp,1,./embeddings/codebert/datasets__cpp__others__decimal_to_hexadecimal.cpp.pth,./embeddings/bert/datasets__cpp__others__decimal_to_hexadecimal.cpp.pth,1,1,2,1,1,2
datasets/js/Sorts/CountingSort.js,2,./embeddings/codebert/datasets__js__Sorts__CountingSort.js.pth,./embeddings/bert/datasets__js__Sorts__CountingSort.js.pth,2,2,2,2,2,2
datasets/java/56.java,1,./embeddings/codebert/datasets__java__56.java.pth,./embeddings/bert/datasets__java__56.java.pth,1,1,2,1,1,1
datasets/java/593.java,2,./embeddings/codebert/datasets__java__593.java.pth,./embeddings/bert/datasets__java__593.java.pth,2,2,2,2,2,2
datasets/java/485.java,3,./embeddings/codebert/datasets__java__485.java.pth,./embeddings/bert/datasets__java__485.java.pth,3,3,3,3,3,4
datasets/java/293.java,4,./embeddings/codebert/datasets__java__293.java.pth,./embeddings/bert/datasets__java__293.java.pth,4,4,4,4,4,4
datasets/java/334.java,2,./embeddings/codebert/datasets__java__334.java.pth,./embeddings/bert/datasets__java__334.java.pth,2,2,3,2,2,2
datasets/java/1121.java,0,./embeddings/codebert/datasets__java__1121.java.pth,./embeddings/bert/datasets__java__1121.java.pth,0,0,2,0,0,2
datasets/java/102.java,4,./embeddings/codebert/datasets__java__102.java.pth,./embeddings/bert/datasets__java__102.java.pth,4,4,3,4,4,0
datasets/java/509.java,2,./embeddings/codebert/datasets__java__509.java.pth,./embeddings/bert/datasets__java__509.java.pth,2,2,2,2,2,2
datasets/py/sorts/natural_sort.py,3,./embeddings/codebert/datasets__py__sorts__natural_sort.py.pth,./embeddings/bert/datasets__py__sorts__natural_sort.py.pth,3,3,3,3,3,2
datasets/java/323.java,4,./embeddings/codebert/datasets__java__323.java.pth,./embeddings/bert/datasets__java__323.java.pth,4,4,4,4,4,4
datasets/java/1189.java,0,./embeddings/codebert/datasets__java__1189.java.pth,./embeddings/bert/datasets__java__1189.java.pth,0,0,0,0,0,2
datasets/java/693.java,2,./embeddings/codebert/datasets__java__693.java.pth,./embeddings/bert/datasets__java__693.java.pth,2,2,2,2,2,2
datasets/java/526.java,2,./embeddings/codebert/datasets__java__526.java.pth,./embeddings/bert/datasets__java__526.java.pth,2,2,1,2,2,1
datasets/java/130.java,2,./embeddings/codebert/datasets__java__130.java.pth,./embeddings/bert/datasets__java__130.java.pth,2,2,2,2,2,2
datasets/java/352.java,2,./embeddings/codebert/datasets__java__352.java.pth,./embeddings/bert/datasets__java__352.java.pth,2,2,2,2,2,2
datasets/java/775.java,0,./embeddings/codebert/datasets__java__775.java.pth,./embeddings/bert/datasets__java__775.java.pth,0,0,0,0,0,0
datasets/java/534.java,1,./embeddings/codebert/datasets__java__534.java.pth,./embeddings/bert/datasets__java__534.java.pth,1,1,2,1,1,1
datasets/java/540.java,1,./embeddings/codebert/datasets__java__540.java.pth,./embeddings/bert/datasets__java__540.java.pth,1,1,2,1,1,1
datasets/java/1149.java,0,./embeddings/codebert/datasets__java__1149.java.pth,./embeddings/bert/datasets__java__1149.java.pth,0,0,0,0,0,0
datasets/java/1109.java,0,./embeddings/codebert/datasets__java__1109.java.pth,./embeddings/bert/datasets__java__1109.java.pth,0,0,0,0,0,0
datasets/java/1508.java,1,./embeddings/codebert/datasets__java__1508.java.pth,./embeddings/bert/datasets__java__1508.java.pth,1,1,1,1,1,2
datasets/java/1125.java,0,./embeddings/codebert/datasets__java__1125.java.pth,./embeddings/bert/datasets__java__1125.java.pth,0,0,0,0,0,0
datasets/java/714.java,2,./embeddings/codebert/datasets__java__714.java.pth,./embeddings/bert/datasets__java__714.java.pth,2,2,2,2,2,2
datasets/java/1206.java,0,./embeddings/codebert/datasets__java__1206.java.pth,./embeddings/bert/datasets__java__1206.java.pth,0,0,0,0,0,0
datasets/java/274.java,4,./embeddings/codebert/datasets__java__274.java.pth,./embeddings/bert/datasets__java__274.java.pth,4,4,2,4,4,4
datasets/java/643.java,0,./embeddings/codebert/datasets__java__643.java.pth,./embeddings/bert/datasets__java__643.java.pth,0,0,0,0,0,0
datasets/py/sorts/selection_sort.py,4,./embeddings/codebert/datasets__py__sorts__selection_sort.py.pth,./embeddings/bert/datasets__py__sorts__selection_sort.py.pth,4,4,2,4,4,0
datasets/java/632.java,2,./embeddings/codebert/datasets__java__632.java.pth,./embeddings/bert/datasets__java__632.java.pth,2,2,2,2,2,2
datasets/js/Recursive/BinaryEquivalent.js,1,./embeddings/codebert/datasets__js__Recursive__BinaryEquivalent.js.pth,./embeddings/bert/datasets__js__Recursive__BinaryEquivalent.js.pth,1,1,2,1,1,0
datasets/java/349.java,2,./embeddings/codebert/datasets__java__349.java.pth,./embeddings/bert/datasets__java__349.java.pth,2,2,2,2,2,3
datasets/java/301.java,2,./embeddings/codebert/datasets__java__301.java.pth,./embeddings/bert/datasets__java__301.java.pth,2,2,2,2,2,2
datasets/js/Recursive/BinarySearch.js,1,./embeddings/codebert/datasets__js__Recursive__BinarySearch.js.pth,./embeddings/bert/datasets__js__Recursive__BinarySearch.js.pth,1,1,2,1,1,1
datasets/java/588.java,2,./embeddings/codebert/datasets__java__588.java.pth,./embeddings/bert/datasets__java__588.java.pth,2,2,2,2,2,2
datasets/java/600.java,0,./embeddings/codebert/datasets__java__600.java.pth,./embeddings/bert/datasets__java__600.java.pth,0,0,0,0,0,0
datasets/java/308.java,2,./embeddings/codebert/datasets__java__308.java.pth,./embeddings/bert/datasets__java__308.java.pth,2,2,0,2,2,0
datasets/java/542.java,2,./embeddings/codebert/datasets__java__542.java.pth,./embeddings/bert/datasets__java__542.java.pth,2,2,2,2,2,2
datasets/java/945.java,3,./embeddings/codebert/datasets__java__945.java.pth,./embeddings/bert/datasets__java__945.java.pth,3,3,0,3,3,3
datasets/java/290.java,4,./embeddings/codebert/datasets__java__290.java.pth,./embeddings/bert/datasets__java__290.java.pth,4,4,2,4,4,2
datasets/java/70.java,3,./embeddings/codebert/datasets__java__70.java.pth,./embeddings/bert/datasets__java__70.java.pth,3,3,3,3,3,3
datasets/java/675.java,2,./embeddings/codebert/datasets__java__675.java.pth,./embeddings/bert/datasets__java__675.java.pth,2,2,2,2,2,2
datasets/java/318.java,4,./embeddings/codebert/datasets__java__318.java.pth,./embeddings/bert/datasets__java__318.java.pth,4,4,4,4,4,4
datasets/java/376.java,4,./embeddings/codebert/datasets__java__376.java.pth,./embeddings/bert/datasets__java__376.java.pth,4,4,2,4,4,2
datasets/java/803.java,2,./embeddings/codebert/datasets__java__803.java.pth,./embeddings/bert/datasets__java__803.java.pth,2,2,2,2,2,2
datasets/js/Search/ExponentialSearch.js,1,./embeddings/codebert/datasets__js__Search__ExponentialSearch.js.pth,./embeddings/bert/datasets__js__Search__ExponentialSearch.js.pth,1,1,1,1,1,1
datasets/java/457.java,3,./embeddings/codebert/datasets__java__457.java.pth,./embeddings/bert/datasets__java__457.java.pth,3,3,3,3,3,2
datasets/java/510.java,3,./embeddings/codebert/datasets__java__510.java.pth,./embeddings/bert/datasets__java__510.java.pth,3,3,2,3,3,2
datasets/java/979.java,2,./embeddings/codebert/datasets__java__979.java.pth,./embeddings/bert/datasets__java__979.java.pth,2,2,2,2,2,2
datasets/java/88.java,3,./embeddings/codebert/datasets__java__88.java.pth,./embeddings/bert/datasets__java__88.java.pth,3,3,2,3,3,2
datasets/java/133.java,4,./embeddings/codebert/datasets__java__133.java.pth,./embeddings/bert/datasets__java__133.java.pth,4,4,2,4,4,2
datasets/java/1140.java,0,./embeddings/codebert/datasets__java__1140.java.pth,./embeddings/bert/datasets__java__1140.java.pth,0,0,0,0,0,0
datasets/cpp/math/gcd_of_n_numbers.cpp,3,./embeddings/codebert/datasets__cpp__math__gcd_of_n_numbers.cpp.pth,./embeddings/bert/datasets__cpp__math__gcd_of_n_numbers.cpp.pth,3,3,3,3,3,2
datasets/java/365.java,2,./embeddings/codebert/datasets__java__365.java.pth,./embeddings/bert/datasets__java__365.java.pth,2,2,4,2,2,2
datasets/js/Search/InterpolationSearch.js,1,./embeddings/codebert/datasets__js__Search__InterpolationSearch.js.pth,./embeddings/bert/datasets__js__Search__InterpolationSearch.js.pth,1,1,2,1,1,1
datasets/java/489.java,4,./embeddings/codebert/datasets__java__489.java.pth,./embeddings/bert/datasets__java__489.java.pth,4,4,3,4,4,4
datasets/py/sorts/odd_even_transposition_single_threaded.py,4,./embeddings/codebert/datasets__py__sorts__odd_even_transposition_single_threaded.py.pth,./embeddings/bert/datasets__py__sorts__odd_even_transposition_single_threaded.py.pth,4,4,4,4,4,0
datasets/java/441.java,2,./embeddings/codebert/datasets__java__441.java.pth,./embeddings/bert/datasets__java__441.java.pth,2,2,2,2,2,2
datasets/java/657.java,2,./embeddings/codebert/datasets__java__657.java.pth,./embeddings/bert/datasets__java__657.java.pth,2,2,2,2,2,2
datasets/java/107.java,4,./embeddings/codebert/datasets__java__107.java.pth,./embeddings/bert/datasets__java__107.java.pth,4,4,2,4,4,4
datasets/java/296.java,2,./embeddings/codebert/datasets__java__296.java.pth,./embeddings/bert/datasets__java__296.java.pth,2,2,2,2,2,2
datasets/java/54.java,2,./embeddings/codebert/datasets__java__54.java.pth,./embeddings/bert/datasets__java__54.java.pth,2,2,2,2,2,2
datasets/java/281.java,2,./embeddings/codebert/datasets__java__281.java.pth,./embeddings/bert/datasets__java__281.java.pth,2,2,2,2,2,2
datasets/java/670.java,2,./embeddings/codebert/datasets__java__670.java.pth,./embeddings/bert/datasets__java__670.java.pth,2,2,2,2,2,2
datasets/py/dynamic_programming/fast_fibonacci.py,1,./embeddings/codebert/datasets__py__dynamic_programming__fast_fibonacci.py.pth,./embeddings/bert/datasets__py__dynamic_programming__fast_fibonacci.py.pth,1,1,2,1,1,1
datasets/java/257.java,4,./embeddings/codebert/datasets__java__257.java.pth,./embeddings/bert/datasets__java__257.java.pth,4,4,2,4,4,2
datasets/java/881.java,2,./embeddings/codebert/datasets__java__881.java.pth,./embeddings/bert/datasets__java__881.java.pth,2,2,2,2,2,2
datasets/java/524.java,2,./embeddings/codebert/datasets__java__524.java.pth,./embeddings/bert/datasets__java__524.java.pth,2,2,2,2,2,2
datasets/java/533.java,2,./embeddings/codebert/datasets__java__533.java.pth,./embeddings/bert/datasets__java__533.java.pth,2,2,2,2,2,2
datasets/java/1027.java,2,./embeddings/codebert/datasets__java__1027.java.pth,./embeddings/bert/datasets__java__1027.java.pth,2,2,0,2,2,2
datasets/js/Recursive/Factorial.js,2,./embeddings/codebert/datasets__js__Recursive__Factorial.js.pth,./embeddings/bert/datasets__js__Recursive__Factorial.js.pth,2,2,2,2,2,2
datasets/java/335.java,4,./embeddings/codebert/datasets__java__335.java.pth,./embeddings/bert/datasets__java__335.java.pth,4,4,4,4,4,4
datasets/js/Sorts/MergeSort.js,3,./embeddings/codebert/datasets__js__Sorts__MergeSort.js.pth,./embeddings/bert/datasets__js__Sorts__MergeSort.js.pth,3,3,4,3,3,2
datasets/java/377.java,2,./embeddings/codebert/datasets__java__377.java.pth,./embeddings/bert/datasets__java__377.java.pth,2,2,2,2,2,2
datasets/java/234.java,3,./embeddings/codebert/datasets__java__234.java.pth,./embeddings/bert/datasets__java__234.java.pth,3,3,2,3,3,2
datasets/java/789.java,2,./embeddings/codebert/datasets__java__789.java.pth,./embeddings/bert/datasets__java__789.java.pth,2,2,2,2,2,2
datasets/java/437.java,2,./embeddings/codebert/datasets__java__437.java.pth,./embeddings/bert/datasets__java__437.java.pth,2,2,2,2,2,2
datasets/java/854.java,2,./embeddings/codebert/datasets__java__854.java.pth,./embeddings/bert/datasets__java__854.java.pth,2,2,2,2,2,2
datasets/java/788.java,3,./embeddings/codebert/datasets__java__788.java.pth,./embeddings/bert/datasets__java__788.java.pth,3,3,2,3,3,2
datasets/java/659.java,2,./embeddings/codebert/datasets__java__659.java.pth,./embeddings/bert/datasets__java__659.java.pth,2,2,2,2,2,2
datasets/java/333.java,2,./embeddings/codebert/datasets__java__333.java.pth,./embeddings/bert/datasets__java__333.java.pth,2,2,2,2,2,2
datasets/py/searches/sentinel_linear_search.py,2,./embeddings/codebert/datasets__py__searches__sentinel_linear_search.py.pth,./embeddings/bert/datasets__py__searches__sentinel_linear_search.py.pth,2,2,2,2,2,2
datasets/java/531.java,2,./embeddings/codebert/datasets__java__531.java.pth,./embeddings/bert/datasets__java__531.java.pth,2,2,2,2,2,4
datasets/js/Sorts/SwapSort.js,3,./embeddings/codebert/datasets__js__Sorts__SwapSort.js.pth,./embeddings/bert/datasets__js__Sorts__SwapSort.js.pth,3,3,2,3,3,2
datasets/java/422.java,2,./embeddings/codebert/datasets__java__422.java.pth,./embeddings/bert/datasets__java__422.java.pth,2,2,2,2,2,2
datasets/java/601.java,0,./embeddings/codebert/datasets__java__601.java.pth,./embeddings/bert/datasets__java__601.java.pth,0,0,0,0,0,0
datasets/java/438.java,2,./embeddings/codebert/datasets__java__438.java.pth,./embeddings/bert/datasets__java__438.java.pth,2,2,2,2,2,2
datasets/java/1159.java,1,./embeddings/codebert/datasets__java__1159.java.pth,./embeddings/bert/datasets__java__1159.java.pth,1,1,1,1,1,2
datasets/java/691.java,3,./embeddings/codebert/datasets__java__691.java.pth,./embeddings/bert/datasets__java__691.java.pth,3,3,3,3,3,2
datasets/java/45.java,2,./embeddings/codebert/datasets__java__45.java.pth,./embeddings/bert/datasets__java__45.java.pth,2,2,2,2,2,2
datasets/java/436.java,2,./embeddings/codebert/datasets__java__436.java.pth,./embeddings/bert/datasets__java__436.java.pth,2,2,2,2,2,2
datasets/java/821.java,4,./embeddings/codebert/datasets__java__821.java.pth,./embeddings/bert/datasets__java__821.java.pth,4,4,2,4,4,2
datasets/java/598.java,4,./embeddings/codebert/datasets__java__598.java.pth,./embeddings/bert/datasets__java__598.java.pth,4,4,4,4,4,2
datasets/java/718.java,0,./embeddings/codebert/datasets__java__718.java.pth,./embeddings/bert/datasets__java__718.java.pth,0,0,0,0,0,2
datasets/java/474.java,3,./embeddings/codebert/datasets__java__474.java.pth,./embeddings/bert/datasets__java__474.java.pth,3,3,2,3,3,2
datasets/java/580.java,2,./embeddings/codebert/datasets__java__580.java.pth,./embeddings/bert/datasets__java__580.java.pth,2,2,2,2,2,2
datasets/java/516.java,1,./embeddings/codebert/datasets__java__516.java.pth,./embeddings/bert/datasets__java__516.java.pth,1,1,2,1,1,2
datasets/java/814.java,2,./embeddings/codebert/datasets__java__814.java.pth,./embeddings/bert/datasets__java__814.java.pth,2,2,2,2,2,2
datasets/java/665.java,2,./embeddings/codebert/datasets__java__665.java.pth,./embeddings/bert/datasets__java__665.java.pth,2,2,2,2,2,2
datasets/java/360.java,2,./embeddings/codebert/datasets__java__360.java.pth,./embeddings/bert/datasets__java__360.java.pth,2,2,2,2,2,2
datasets/java/793.java,2,./embeddings/codebert/datasets__java__793.java.pth,./embeddings/bert/datasets__java__793.java.pth,2,2,2,2,2,2
datasets/java/85.java,2,./embeddings/codebert/datasets__java__85.java.pth,./embeddings/bert/datasets__java__85.java.pth,2,2,4,2,2,2
datasets/java/503.java,3,./embeddings/codebert/datasets__java__503.java.pth,./embeddings/bert/datasets__java__503.java.pth,3,3,2,3,3,2
datasets/java/1035.java,4,./embeddings/codebert/datasets__java__1035.java.pth,./embeddings/bert/datasets__java__1035.java.pth,4,4,1,4,4,2
datasets/java/402.java,4,./embeddings/codebert/datasets__java__402.java.pth,./embeddings/bert/datasets__java__402.java.pth,4,4,2,4,4,2
datasets/java/315.java,3,./embeddings/codebert/datasets__java__315.java.pth,./embeddings/bert/datasets__java__315.java.pth,3,3,3,3,3,2
datasets/java/544.java,2,./embeddings/codebert/datasets__java__544.java.pth,./embeddings/bert/datasets__java__544.java.pth,2,2,2,2,2,2
datasets/java/1505.java,1,./embeddings/codebert/datasets__java__1505.java.pth,./embeddings/bert/datasets__java__1505.java.pth,1,1,1,1,1,1
datasets/java/1112.java,0,./embeddings/codebert/datasets__java__1112.java.pth,./embeddings/bert/datasets__java__1112.java.pth,0,0,0,0,0,0
datasets/java/1110.java,0,./embeddings/codebert/datasets__java__1110.java.pth,./embeddings/bert/datasets__java__1110.java.pth,0,0,2,0,0,2
datasets/java/342.java,4,./embeddings/codebert/datasets__java__342.java.pth,./embeddings/bert/datasets__java__342.java.pth,4,4,4,4,4,3
datasets/java/320.java,2,./embeddings/codebert/datasets__java__320.java.pth,./embeddings/bert/datasets__java__320.java.pth,2,2,2,2,2,2
datasets/java/780.java,0,./embeddings/codebert/datasets__java__780.java.pth,./embeddings/bert/datasets__java__780.java.pth,0,0,0,0,0,2
datasets/js/Sorts/DutchNationalFlagSort.js,2,./embeddings/codebert/datasets__js__Sorts__DutchNationalFlagSort.js.pth,./embeddings/bert/datasets__js__Sorts__DutchNationalFlagSort.js.pth,2,2,2,2,2,2
datasets/java/279.java,2,./embeddings/codebert/datasets__java__279.java.pth,./embeddings/bert/datasets__java__279.java.pth,2,2,2,2,2,2
datasets/java/38.java,2,./embeddings/codebert/datasets__java__38.java.pth,./embeddings/bert/datasets__java__38.java.pth,2,2,2,2,2,2
datasets/js/Sorts/FindSecondLargestElement.js,2,./embeddings/codebert/datasets__js__Sorts__FindSecondLargestElement.js.pth,./embeddings/bert/datasets__js__Sorts__FindSecondLargestElement.js.pth,2,2,2,2,2,4
datasets/c/math/factorial.c,2,./embeddings/codebert/datasets__c__math__factorial.c.pth,./embeddings/bert/datasets__c__math__factorial.c.pth,2,2,2,2,2,2
datasets/js/Sorts/CombSort.js,4,./embeddings/codebert/datasets__js__Sorts__CombSort.js.pth,./embeddings/bert/datasets__js__Sorts__CombSort.js.pth,4,4,3,4,4,2
datasets/java/766.java,0,./embeddings/codebert/datasets__java__766.java.pth,./embeddings/bert/datasets__java__766.java.pth,0,0,0,0,0,0
datasets/java/64.java,2,./embeddings/codebert/datasets__java__64.java.pth,./embeddings/bert/datasets__java__64.java.pth,2,2,2,2,2,2
datasets/java/83.java,3,./embeddings/codebert/datasets__java__83.java.pth,./embeddings/bert/datasets__java__83.java.pth,3,3,2,3,3,0
datasets/java/1031.java,3,./embeddings/codebert/datasets__java__1031.java.pth,./embeddings/bert/datasets__java__1031.java.pth,3,3,2,3,3,2
